<?xml version="1.0" encoding="utf-8" ?>
<LinearLayout xmlns:android="http://schemas.android.com/apk/res/android" xmlns:app="http://schemas.android.com/apk/res-auto" android:orientation="vertical" android:layout_width="fill_parent" android:layout_height="fill_parent">
	<LinearLayout android:orientation="horizontal" android:id="@+id/actionbar" android:background="#ff407c46" android:padding="6.0dip" android:layout_width="fill_parent" android:layout_height="wrap_content">
		<ImageView android:layout_gravity="center" android:id="@+id/back" android:padding="8.0dip" android:layout_width="wrap_content" android:layout_height="wrap_content" android:src="@drawable/capo_ic_arrow_back_white" android:scaleType="center" />
		<ImageView android:layout_gravity="center" android:id="@+id/italic" android:background="#ff4dba4f" android:padding="8.0dip" android:layout_width="40.0dip" android:layout_height="40.0dip" android:layout_margin="5.0dip" android:src="@drawable/capo_ic_format_italic_white" android:scaleType="center" />
		<TextView android:textSize="20.0sp" android:textColor="#ffffffff" android:gravity="center|left" android:layout_gravity="center|left" android:id="@+id/title" android:padding="8.0dip" android:layout_width="wrap_content" android:layout_height="wrap_content" android:text="Fancy" android:singleLine="true" android:layout_weight="1.0" />
		<ImageView android:layout_gravity="center" android:id="@+id/preview" android:padding="8.0dip" android:layout_width="wrap_content" android:layout_height="wrap_content" android:src="@drawable/capo_ic_style_white" android:scaleType="center" />
		<ImageView android:layout_gravity="center" android:id="@+id/style" android:padding="8.0dip" android:layout_width="wrap_content" android:layout_height="wrap_content" android:src="@drawable/capo_ic_format_paint_white" android:scaleType="center" />
	</LinearLayout>
	<LinearLayout android:orientation="vertical" android:id="@+id/background" android:background="#ffffffff" android:padding="8.0dip" android:layout_width="fill_parent" android:layout_height="wrap_content" android:layout_weight="1.0">
		<TextView android:textSize="16.0sp" android:textColor="#ff407c46" android:gravity="center|left" android:layout_gravity="center|left" android:id="@+id/text_title" android:padding="8.0dip" android:layout_width="wrap_content" android:layout_height="wrap_content" android:text="@string/capo_fancy_help_title" />
		<EditText android:textSize="16.0sp" android:textColor="#ff757575" android:textColorHint="#ff757575" android:gravity="center|left" android:layout_gravity="center|left" android:id="@+id/imput" android:background="#ffeeeeee" android:padding="12.0dip" android:layout_width="fill_parent" android:layout_height="wrap_content" android:hint="@string/capo_fancy_using_capo_wa" android:singleLine="true" />
		<TextView android:textSize="16.0sp" android:textColor="#ff407c46" android:gravity="center|left" android:layout_gravity="center|left" android:id="@+id/result_title" android:padding="8.0dip" android:layout_width="wrap_content" android:layout_height="wrap_content" android:text="@string/capo_fancy_result_title" />
		<EditText android:textSize="16.0sp" android:textColor="#ff757575" android:textColorHint="#ff757575" android:gravity="center|left" android:layout_gravity="center|left" android:id="@+id/result" android:background="#ffeeeeee" android:padding="12.0dip" android:layout_width="fill_parent" android:layout_height="wrap_content" android:hint="@string/capo_fancy_using_capo_wa" android:singleLine="true" />
	</LinearLayout>
	<LinearLayout android:orientation="horizontal" android:id="@+id/background_buttons" android:background="#ffffffff" android:padding="4.0dip" android:layout_width="fill_parent" android:layout_height="wrap_content">
		<TextView android:textSize="16.0sp" android:textColor="#ffffffff" android:gravity="center" android:layout_gravity="center" android:id="@+id/share" android:background="#ff346337" android:padding="12.0dip" android:layout_width="wrap_content" android:layout_height="wrap_content" android:layout_margin="2.0dip" android:text="@string/capo_fancy_share" android:singleLine="true" android:layout_weight="1.0" />
		<TextView android:textSize="16.0sp" android:textColor="#ffffffff" android:gravity="center" android:layout_gravity="center" android:id="@+id/copy" android:background="#ff407c46" android:padding="12.0dip" android:layout_width="wrap_content" android:layout_height="wrap_content" android:layout_margin="2.0dip" android:text="@string/capo_fancy_copy" android:singleLine="true" android:layout_weight="1.0" />
	</LinearLayout>
</LinearLayout>
