<?xml version="1.0" encoding="utf-8" ?>
<LinearLayout xmlns:android="http://schemas.android.com/apk/res/android" android:orientation="vertical" android:layout_width="fill_parent" android:layout_height="fill_parent">
	<LinearLayout android:orientation="vertical" android:padding="8.0dip" android:layout_width="fill_parent" android:layout_height="fill_parent">
		<LinearLayout android:gravity="center|left" android:layout_gravity="center" android:orientation="horizontal" android:background="@drawable/sultan_card" android:paddingLeft="8.0dip" android:paddingTop="8.0dip" android:paddingBottom="8.0dip" android:layout_width="fill_parent" android:layout_height="50.0dip">
			<LinearLayout android:orientation="horizontal" android:background="@drawable/sultan_circle" android:padding="8.0dip" android:layout_width="3.0dip" android:layout_height="25.0dip" android:layout_marginRight="5.0dip" />
			<LinearLayout android:gravity="center" android:layout_gravity="center" android:orientation="horizontal" android:padding="5.0dip" android:layout_width="40.0dip" android:layout_height="40.0dip">
				<ImageView android:layout_width="wrap_content" android:layout_height="wrap_content" android:src="@drawable/keamanan" android:scaleType="centerInside" android:tint="@color/palettePrimary" />
			</LinearLayout>
			<TextView android:textSize="16.0sp" android:textColor="@color/sultangans" android:id="@id/sultanbro" android:paddingLeft="8.0dip" android:paddingRight="8.0dip" android:layout_width="wrap_content" android:layout_height="wrap_content" android:text="Keamanan" />
			<LinearLayout android:gravity="center|right" android:orientation="horizontal" android:paddingTop="8.0dip" android:paddingBottom="8.0dip" android:layout_width="fill_parent" android:layout_height="30.0dip" android:layout_marginLeft="15.0dip" android:translationX="6.0dip">
				<ImageView android:layout_width="wrap_content" android:layout_height="wrap_content" android:src="@drawable/sultan_ceta" android:scaleType="centerInside" android:tint="@color/palettePrimary" />
			</LinearLayout>
		</LinearLayout>
	</LinearLayout>
</LinearLayout>
