<?xml version="1.0" encoding="utf-8" ?>
<merge xmlns:android="http://schemas.android.com/apk/res/android" xmlns:app="http://schemas.android.com/apk/res-auto">
	<LinearLayout android:orientation="vertical" android:id="@id/content" android:layout_width="@dimen/conversation_row_document_width" android:layout_height="wrap_content" android:layout_marginRight="@dimen/conversation_row_margin_large">
		<include layout="@layout/conversation_row_participant_header" />
		<include layout="@layout/conversation_row_quoted_frame" />
		<include layout="@layout/conversation_row_web_page_preview_frame" />
		<FrameLayout android:id="@id/document_frame" android:layout_width="fill_parent" android:layout_height="wrap_content" android:layout_margin="5.0dip">
			<LinearLayout android:orientation="vertical" android:layout_width="fill_parent" android:layout_height="wrap_content">
				<view android:id="@id/preview" android:layout_width="fill_parent" android:layout_height="@dimen/conversation_row_document_preview_height" android:scaleType="centerCrop" class="com.whatsapp.conversation.conversationrow.ConversationRowDocument$DocumentPreviewView" />
				<View android:id="@id/preview_separator" android:background="@color/conversation_row_preview_separator_color" android:layout_width="fill_parent" android:layout_height="0.30000007dip" />
				<LinearLayout android:gravity="center_vertical" android:orientation="horizontal" android:id="@id/document_info_container" android:background="@color/share_preview_container_background" android:paddingLeft="@dimen/conversation_row_inner_item_padding" android:paddingRight="@dimen/conversation_row_inner_item_padding" android:layout_width="fill_parent" android:layout_height="wrap_content">
					<com.whatsapp.WaImageView android:id="@id/icon" android:paddingTop="@dimen/conversation_row_inner_item_padding" android:paddingBottom="@dimen/conversation_row_inner_item_padding" android:layout_width="0.0dip" android:layout_height="0.0dip" android:scaleType="fitCenter" />
					<com.whatsapp.TextEmojiLabel android:textSize="0.0dip" android:textColor="?android:textColorPrimary" android:ellipsize="end" android:gravity="center_vertical" android:id="@id/title" android:padding="8.0dip" android:layout_width="0.0dip" android:layout_height="0.0dip" android:maxLines="1" android:singleLine="true" android:maxLength="0" android:layout_weight="1.0" />
					<FrameLayout android:gravity="center" android:layout_gravity="center_vertical" android:id="@id/control_btn_holder" android:layout_width="wrap_content" android:layout_height="wrap_content">
						<com.whatsapp.WaImageView android:layout_gravity="center" android:id="@id/control_btn" android:background="@null" android:padding="8.0dip" android:layout_width="42.0dip" android:layout_height="42.0dip" android:scaleType="fitCenter" android:alpha="0.7" app:tint="@color/documentControlButtonTint" />
						<com.whatsapp.CircularProgressBar android:layout_gravity="center" android:id="@id/progressbar" android:visibility="gone" android:layout_width="42.0dip" android:layout_height="42.0dip" android:indeterminateOnly="false" />
					</FrameLayout>
				</LinearLayout>
			</LinearLayout>
		</FrameLayout>
		<LinearLayout android:orientation="horizontal" android:paddingLeft="@dimen/conversation_row_inner_item_padding" android:paddingRight="@dimen/conversation_row_inner_item_padding" android:paddingBottom="3.0dip" android:layout_width="fill_parent" android:layout_height="wrap_content">
			<com.whatsapp.WaTextView android:id="@id/info" android:layout_width="wrap_content" android:layout_height="wrap_content" android:maxLength="0" style="@style/ConversationDocumentInfo" />
			<com.whatsapp.WaTextView android:id="@id/bullet_info" android:layout_width="wrap_content" android:layout_height="wrap_content" android:maxLength="0" style="@style/ConversationDocumentInfoBullet" />
			<com.whatsapp.WaTextView android:id="@id/file_size" android:layout_width="wrap_content" android:layout_height="wrap_content" android:maxLength="0" style="@style/ConversationDocumentInfo" />
			<com.whatsapp.WaTextView android:id="@id/bullet_file_size" android:layout_width="wrap_content" android:layout_height="wrap_content" android:maxLength="0" style="@style/ConversationDocumentInfoBullet" />
			<com.whatsapp.WaTextView android:id="@id/file_type" android:layout_width="wrap_content" android:layout_height="wrap_content" android:maxLength="0" style="@style/ConversationDocumentInfo" />
			<View android:layout_width="0.0dip" android:layout_height="1.0dip" android:layout_weight="1.0" />
			<LinearLayout android:layout_gravity="bottom|center|right" android:orientation="horizontal" android:id="@id/date_wrapper" android:layout_width="wrap_content" android:layout_height="wrap_content">
				<com.whatsapp.WaTextView android:id="@id/date" android:layout_width="wrap_content" android:layout_height="wrap_content" style="@style/WA.TextAppearance.ConversationRowDate" />
			</LinearLayout>
		</LinearLayout>
	</LinearLayout>
	<com.whatsapp.WaImageView android:id="@id/forward" style="@style/ForwardButton" />
</merge>
