<?xml version="1.0" encoding="utf-8"?>
<resources>
<string-array name="assume_strong_biometrics_models"><item>Pixel 4</item><item>Pixel 4 XL</item></string-array>
<string-array name="autodownload"><item>@string/settings_autodownload_images</item><item>@string/settings_autodownload_audio</item><item>@string/settings_autodownload_videos</item><item>@string/settings_autodownload_documents</item></string-array>
<string-array name="autodownload_cellular_defaults"><item>0</item></string-array>
<array name="autodownload_roaming_defaults" />
<string-array name="autodownload_values"><item>0</item><item>1</item><item>2</item><item>3</item></string-array>
<string-array name="autodownload_wifi_defaults"><item>0</item><item>1</item><item>2</item></string-array>
<array name="crypto_fingerprint_fallback_prefixes" />
<string-array name="crypto_fingerprint_fallback_vendors"><item>samsung</item></string-array>
<string-array name="default_statuses"><item>@string/status_default_available</item><item>@string/status_default_busy</item><item>@string/status_default_at_school</item><item>@string/status_default_at_movies</item><item>@string/status_default_at_work</item><item>@string/status_default_battery_die</item><item>@string/status_default_cannot_talk</item><item>@string/status_default_in_meeting</item><item>@string/status_default_at_gym</item><item>@string/status_default_sleeping</item><item>@string/status_default_urgent</item></string-array>
<string-array name="delay_showing_prompt_models"><item>Pixel 4</item><item>Pixel 4 XL</item></string-array>
<string-array name="font_size"><item>@string/font_small</item><item>@string/font_medium</item><item>@string/font_large</item></string-array>
<string-array name="font_size_values"><item>-1</item><item>0</item><item>1</item></string-array>
<array name="group_editor_background_color_rings"><item>@color/group_editor_color_highlight_1</item><item>@color/group_editor_color_highlight_2</item><item>@color/group_editor_color_highlight_3</item><item>@color/group_editor_color_highlight_4</item><item>@color/group_editor_color_highlight_5</item><item>@color/group_editor_color_highlight_6</item><item>@color/group_editor_color_highlight_7</item><item>@color/group_editor_color_highlight_8</item><item>@color/group_editor_color_highlight_9</item><item>@color/group_editor_color_highlight_10</item><item>@color/group_editor_color_highlight_11</item></array>
<array name="group_editor_background_colors"><item>@color/group_editor_color_1</item><item>@color/group_editor_color_2</item><item>@color/group_editor_color_3</item><item>@color/group_editor_color_4</item><item>@color/group_editor_color_5</item><item>@color/group_editor_color_6</item><item>@color/group_editor_color_7</item><item>@color/group_editor_color_8</item><item>@color/group_editor_color_9</item><item>@color/group_editor_color_10</item><item>@color/group_editor_color_11</item></array>
<array name="group_participant_name_colors"><item>@color/group_olive</item><item>@color/group_cranberry</item><item>@color/group_orange</item><item>@color/group_blue</item><item>@color/group_sand</item><item>@color/group_navy</item><item>@color/group_pink</item><item>@color/group_army_green</item><item>@color/group_dark_purple</item><item>@color/group_brown</item><item>@color/group_watermelon</item><item>@color/group_green</item><item>@color/group_salmon</item><item>@color/group_iris</item><item>@color/group_jazzberry_jam</item><item>@color/group_dune</item><item>@color/group_kenyan</item><item>@color/group_vermilion</item><item>@color/group_royal_purple</item><item>@color/group_ruddy</item></array>
<string-array name="hide_fingerprint_instantly_prefixes"><item>SM-A50</item><item>SM-G973</item><item>SM-G975</item><item>SM-G977</item><item>SM-G770</item><item>SM-N970</item><item>SM-N971</item><item>SM-N975</item><item>SM-N976</item><item>SM-N770</item><item>SC-03L</item><item>SC-04L</item><item>SC-05L</item><item>SC-01M</item><item>SCV41</item><item>SCV42</item><item>SCV45</item></string-array>
<string-array name="led_color_values"><item>000000</item><item>FFFFFF</item><item>FF0000</item><item>FFFF00</item><item>00FF00</item><item>00FFFF</item><item>0000FF</item><item>FF00FF</item></string-array>
<integer-array name="night_solid_color_wallpaper_values"><item>26</item><item>24</item><item>17</item><item>19</item><item>10</item><item>21</item></integer-array>
<string-array name="popup_mode"><item>@string/popup_notification_mode_none</item><item>@string/popup_notification_mode_screen_on</item><item>@string/popup_notification_mode_screen_off</item><item>@string/popup_notification_mode_always</item></string-array>
<string-array name="popup_mode_values"><item>0</item><item>1</item><item>3</item><item>2</item></string-array>
<string-array name="profile_photo_actions"><item>@string/biz_profile_action_view_photo</item><item>@string/biz_profile_action_view_status</item></string-array>
<array name="solid_color_wallpaper_colors"><item>@color/wallpaper_color_cinder_black</item><item>@color/wallpaper_color_midnight_express</item><item>@color/wallpaper_color_mandarian_orange</item><item>@color/wallpaper_color_buccaneer_brown</item><item>@color/wallpaper_color_breaker_bay</item><item>@color/wallpaper_color_fjord_gray</item><item>@color/wallpaper_color_tory_blue</item><item>@color/wallpaper_color_pelorus_blue</item><item>@color/wallpaper_color_seagull_blue</item><item>@color/wallpaper_color_downy_green</item><item>@color/wallpaper_color_cruise_green</item><item>@color/wallpaper_color_scandal_green</item><item>@color/wallpaper_color_monte_carlo_green</item><item>@color/wallpaper_color_cape_honey_yellow</item><item>@color/wallpaper_color_canary_yellow</item><item>@color/wallpaper_color_radical_red</item><item>@color/wallpaper_color_bittersweet_orange</item><item>@color/wallpaper_color_rose_bud</item><item>@color/wallpaper_color_flamingo_red</item><item>@color/wallpaper_color_caramel_yellow</item><item>@color/wallpaper_color_tusk_green</item><item>@color/wallpaper_color_orinoco_green</item><item>@color/wallpaper_color_brook_green</item><item>@color/wallpaper_color_hawkes_blue</item><item>@color/wallpaper_color_quartz_blue</item><item>@color/wallpaper_color_very_light_gray</item><item>@color/wallpaper_color_solitude_gray</item></array>
<array name="solid_color_wallpaperv2_colors"><item>@color/wallpaper_color_cruise_green</item><item>@color/wallpaper_color_scandal_green</item><item>@color/wallpaper_color_monte_carlo_green</item><item>@color/wallpaper_color_hawkes_blue</item><item>@color/wallpaper_color_downy_green</item><item>@color/wallpaper_color_seagull_blue</item><item>@color/wallpaper_color_quartz_blue</item><item>@color/wallpaper_color_very_light_gray</item><item>@color/wallpaper_color_orinoco_green</item><item>@color/wallpaper_color_tusk_green</item><item>@color/wallpaper_color_cape_honey_yellow</item><item>@color/wallpaper_color_caramel_yellow</item><item>@color/wallpaper_color_rose_bud</item><item>@color/wallpaper_color_bittersweet_orange</item><item>@color/wallpaper_color_radical_red</item><item>@color/wallpaper_color_mandarian_orange</item><item>@color/wallpaper_color_flamingo_red</item><item>@color/wallpaper_color_buccaneer_brown</item><item>@color/wallpaper_color_breaker_bay</item><item>@color/wallpaper_color_pelorus_blue</item><item>@color/wallpaper_color_tory_blue</item><item>@color/wallpaper_color_fjord_gray</item><item>@color/wallpaper_color_cinder_black</item><item>@color/wallpaper_color_midnight_express</item><item>@color/wallpaper_color_solitude_gray</item><item>@color/wallpaper_color_canary_yellow</item><item>@color/wallpaper_color_brook_green</item></array>
<string-array name="vibrate_lengths"><item>@string/vibrate_length_off</item><item>@string/vibrate_length_default</item><item>@string/vibrate_length_short</item><item>@string/vibrate_length_long</item></string-array>
<string-array name="vibrate_values"><item>0</item><item>1</item><item>2</item><item>3</item></string-array>
<array name="wallpaper_doodle_tint_colors"><item>@color/wallpaper_doodle_tint_color_cruise_green</item><item>@color/wallpaper_doodle_tint_color_scandal_green</item><item>@color/wallpaper_doodle_tint_color_monte_carlo_green</item><item>@color/wallpaper_doodle_tint_color_hawkes_blue</item><item>@color/wallpaper_doodle_tint_color_downy_green</item><item>@color/wallpaper_doodle_tint_color_seagull_blue</item><item>@color/wallpaper_doodle_tint_color_quartz_blue</item><item>@color/wallpaper_doodle_tint_color_very_light_gray</item><item>@color/wallpaper_doodle_tint_color_orinoco_green</item><item>@color/wallpaper_doodle_tint_color_tusk_green</item><item>@color/wallpaper_doodle_tint_color_cape_honey_yellow</item><item>@color/wallpaper_doodle_tint_color_caramel_yellow</item><item>@color/wallpaper_doodle_tint_color_rose_bud</item><item>@color/wallpaper_doodle_tint_color_bittersweet_orange</item><item>@color/wallpaper_doodle_tint_color_radical_red</item><item>@color/wallpaper_doodle_tint_color_mandarian_orange</item><item>@color/wallpaper_doodle_tint_color_flamingo_red</item><item>@color/wallpaper_doodle_tint_color_buccaneer_brown</item><item>@color/wallpaper_doodle_tint_color_breaker_bay</item><item>@color/wallpaper_doodle_tint_color_pelorus_blue</item><item>@color/wallpaper_doodle_tint_color_tory_blue</item><item>@color/wallpaper_doodle_tint_color_fjord_gray</item><item>@color/wallpaper_doodle_tint_color_cinder_black</item><item>@color/wallpaper_doodle_tint_color_midnight_express</item><item>@color/wallpaper_doodle_tint_color_solitude_gray</item><item>@color/wallpaper_doodle_tint_color_canary_yellow</item><item>@color/wallpaper_doodle_tint_color_brook_green</item></array>
<string-array name="font_entries"><item>Default</item><item>Roboto-Medium</item><item>ProductSans</item><item>ProductSans-Medium</item><item>Centabel</item><item>GoogleSans-Regular</item><item>GoogleSans-Medium</item><item>SanFrancisco-Regular</item><item>SanFrancisco-Medium</item><item>Linotte-Regular</item><item>Linotte-SemiBold</item><item>Oswald-Heavy</item><item>Norican-Regular</item><item>Bryndan-Write</item><item>ComicSans</item><item>Dark-Instance-line</item></string-array>
<string-array name="online_toast_location"><item>Top</item><item>Center</item><item>Bottom</item></string-array>
</resources>
