<?xml version="1.0" encoding="utf-8"?>
<resources>
<attr name="yg_alignContent"><enum name="auto" value="0" /><enum name="baseline" value="5" /><enum name="center" value="2" /><enum name="flex_end" value="3" /><enum name="flex_start" value="1" /><enum name="stretch" value="4" /></attr>
<attr name="yg_alignItems"><enum name="auto" value="0" /><enum name="baseline" value="5" /><enum name="center" value="2" /><enum name="flex_end" value="3" /><enum name="flex_start" value="1" /><enum name="stretch" value="4" /></attr>
<attr name="yg_alignSelf"><enum name="auto" value="0" /><enum name="baseline" value="5" /><enum name="center" value="2" /><enum name="flex_end" value="3" /><enum name="flex_start" value="1" /><enum name="stretch" value="4" /></attr>
<attr name="yg_aspectRatio" format="float" />
<attr name="yg_borderAll" format="dimension" />
<attr name="yg_borderBottom" format="dimension" />
<attr name="yg_borderEnd" format="dimension" />
<attr name="yg_borderHorizontal" format="dimension" />
<attr name="yg_borderLeft" format="dimension" />
<attr name="yg_borderRight" format="dimension" />
<attr name="yg_borderStart" format="dimension" />
<attr name="yg_borderTop" format="dimension" />
<attr name="yg_borderVertical" format="dimension" />
<attr name="yg_direction"><enum name="inherit" value="0" /><enum name="ltr" value="1" /><enum name="rtl" value="2" /></attr>
<attr name="yg_display"><enum name="flex" value="0" /><enum name="none" value="1" /></attr>
<attr name="yg_flex" format="float" />
<attr name="yg_flexBasis" format="string|float" />
<attr name="yg_flexDirection"><enum name="column" value="0" /><enum name="column_reverse" value="1" /><enum name="row" value="2" /><enum name="row_reverse" value="3" /></attr>
<attr name="yg_flexGrow" format="float" />
<attr name="yg_flexShrink" format="float" />
<attr name="yg_height" format="string|dimension" />
<attr name="yg_justifyContent"><enum name="center" value="1" /><enum name="flex_end" value="2" /><enum name="flex_start" value="0" /><enum name="space_around" value="4" /><enum name="space_between" value="3" /></attr>
<attr name="yg_marginAll" format="string|dimension" />
<attr name="yg_marginBottom" format="string|dimension" />
<attr name="yg_marginEnd" format="string|dimension" />
<attr name="yg_marginHorizontal" format="string|dimension" />
<attr name="yg_marginLeft" format="string|dimension" />
<attr name="yg_marginRight" format="string|dimension" />
<attr name="yg_marginStart" format="string|dimension" />
<attr name="yg_marginTop" format="string|dimension" />
<attr name="yg_marginVertical" format="string|dimension" />
<attr name="yg_maxHeight" format="string|dimension" />
<attr name="yg_maxWidth" format="string|dimension" />
<attr name="yg_minHeight" format="string|dimension" />
<attr name="yg_minWidth" format="string|dimension" />
<attr name="yg_overflow"><enum name="hidden" value="1" /><enum name="scroll" value="2" /><enum name="visible" value="0" /></attr>
<attr name="yg_paddingAll" format="string|dimension" />
<attr name="yg_paddingBottom" format="string|dimension" />
<attr name="yg_paddingEnd" format="string|dimension" />
<attr name="yg_paddingHorizontal" format="string|dimension" />
<attr name="yg_paddingLeft" format="string|dimension" />
<attr name="yg_paddingRight" format="string|dimension" />
<attr name="yg_paddingStart" format="string|dimension" />
<attr name="yg_paddingTop" format="string|dimension" />
<attr name="yg_paddingVertical" format="string|dimension" />
<attr name="yg_positionAll" format="string|dimension" />
<attr name="yg_positionBottom" format="string|dimension" />
<attr name="yg_positionEnd" format="string|dimension" />
<attr name="yg_positionHorizontal" format="string|dimension" />
<attr name="yg_positionLeft" format="string|dimension" />
<attr name="yg_positionRight" format="string|dimension" />
<attr name="yg_positionStart" format="string|dimension" />
<attr name="yg_positionTop" format="string|dimension" />
<attr name="yg_positionType"><enum name="absolute" value="1" /><enum name="relative" value="0" /></attr>
<attr name="yg_positionVertical" format="string|dimension" />
<attr name="yg_width" format="string|dimension" />
<attr name="yg_wrap"><enum name="no_wrap" value="0" /><enum name="wrap" value="1" /></attr>
<attr name="zOrderOnTop" format="boolean" />
</resources>
