<?xml version="1.0" encoding="utf-8"?>
<resources>
<item type="id" name="Pins">false</item>
<item type="id" name="blak">false</item>
<item type="id" name="btr">false</item>
<item type="id" name="button0">false</item>
<item type="id" name="button4">false</item>
<item type="id" name="button5">false</item>
<item type="id" name="button6">false</item>
<item type="id" name="button7">false</item>
<item type="id" name="button8">false</item>
<item type="id" name="button9">false</item>
<item type="id" name="div">false</item>
<item type="id" name="div2">false</item>
<item type="id" name="editText">false</item>
<item type="id" name="ima_update">false</item>
<item type="id" name="imageView">false</item>
<item type="id" name="imageView2">false</item>
<item type="id" name="imageView3">false</item>
<item type="id" name="imageView4">false</item>
<item type="id" name="imageView5">false</item>
<item type="id" name="layout_root">false</item>
<item type="id" name="passTe">false</item>
<item type="id" name="relativeLayout2">false</item>
<item type="id" name="relmain">false</item>
<item type="id" name="tableRow">false</item>
<item type="id" name="tableRow2">false</item>
<item type="id" name="tableRow3">false</item>
<item type="id" name="tableRow5">false</item>
<item type="id" name="webView">false</item>
<item type="id" name="ym_browser">false</item>
<item type="id" name="ym_cache">false</item>
<item type="id" name="ym_media">false</item>
<item type="id" name="ym_menuid_delete_emoji">false</item>
<item type="id" name="ym_menuid_openc">false</item>
<item type="id" name="ym_menuid_privacy">false</item>
<item type="id" name="ym_menuid_restart">false</item>
<item type="id" name="ym_menuid_search_web">false</item>
<item type="id" name="ym_menuid_update">false</item>
<item type="id" name="ym_modeDnd">false</item>
<item type="id" name="ym_others">false</item>
<item type="id" name="ym_pers">false</item>
<item type="id" name="ym_privacy">false</item>
<item type="id" name="ym_settings">false</item>
<item type="id" name="ym_updates">false</item>
<item type="id" name="ymwa_clear_pref_options">false</item>
<item type="id" name="ymwa_privacy_calls">false</item>
<item type="id" name="ymwa_privacy_calls_every_one">false</item>
<item type="id" name="ymwa_privacy_calls_with_ring">false</item>
<item type="id" name="ymwa_privacy_calls_without_ring">false</item>
<item type="id" name="ymwa_privacy_custom_call">false</item>
<item type="id" name="ymwa_privacy_enable_custom_privacy">false</item>
<item type="id" name="ymwa_privacy_enable_custom_privacy_sum">false</item>
<item type="id" name="ymwa_status_menu_id">false</item>
</resources>
