<?xml version="1.0" encoding="utf-8"?>
<resources> 
<string name="ymwa_about_developer">Developed by</string>
<string name="ymwa_about_developer_name">Jesús Muentes (YMMODS)</string>
<string name="ymwa_about_made">Made with ♥ by YISUS ツ</string>
<string name="ymwa_about_package_sum">com.whatsapp</string>
<string name="ymwa_about_version">Version 20.5</string>
<string name="ymwa_about_wa_version">Based on WhatsApp</string>
<string name="ymwa_about_wa_version_sum">2.21.24.22 Stable Base</string>
<string name="ymwa_acra_text_toast">Something went wrong. Contact the developer or support group to report the bug.</string>
<string name="ymwa_allow_permission">Allow permissions</string>
<string name="ymwa_allow_permission_toast">Allow permissions in settings!</string>
<string name="ymwa_allow_unknown_sources_toast">Please enable install from this source.</string>
<string name="ymwa_attention_pref">Attention!</string>
<string name="ymwa_backup_create">Create a backup (MOD)</string>
<string name="ymwa_backup_done">Backup finish!</string>
<string name="ymwa_backup_error">No backup found in WhatsApp/YMBackup.</string>
<string name="ymwa_backup_fail">Backup failed!</string>
<string name="ymwa_backup_msg">Creating backup…</string>
<string name="ymwa_backup_restore">Restore backup (MOD)</string>
<string name="ymwa_backup_restore_">Backup &amp; Restore</string>
<string name="ymwa_backup_title">Backup</string>
<string name="ymwa_changelog_title">Changelog</string>
<string name="ymwa_clean_cache_for_android_11_higher">Clear cache (Android 11+)</string>
<string name="ymwa_clean_cache_for_android_5_to_10">Clear cache (Android 5 - 10)</string>
<string name="ymwa_clean_wa_cache">Themes cache</string>
<string name="ymwa_clean_wa_databases">Old backups</string>
<string name="ymwa_clean_wa_logs">WhatsApp logs</string>
<string name="ymwa_clean_wa_shared">Media cache</string>
<string name="ymwa_clean_wa_toast">Done!</string>
<string name="ymwa_contacts_title">Contacts</string>
<string name="ymwa_copy_status_toast">Status copied successfully.</string>
<string name="ymwa_donation_title">Donate</string>
<string name="ymwa_enter_number">Write the number.</string>
<string name="ymwa_ex_enter_number">Country code + Telephone number</string>
<string name="ymwa_groups_title">Groups</string>
<string name="ymwa_info_developer">By Jesús Muentes (YMMODS)</string>
<string name="ymwa_info_wamod_version">YMWhatsApp+ v20.5</string>
<string name="ymwa_lock_archived_chats">Lock archived chats</string>
<string name="ymwa_lock_change_password">Change password</string>
<string name="ymwa_lock_change_password_sum">The default password is 0000</string>
<string name="ymwa_lock_enable">Enable lock for WhatsApp</string>
<string name="ymwa_lock_settings_plus">Lock settings+</string>
<string name="ymwa_lock_settings_plus_sum">Enable this option in case you want to block access to mod settings.</string>
<string name="ymwa_lock_title">Lock WhatsApp</string>
<string name="ymwa_lock_wa_pin">Lock WhatsApp with PIN</string>
<string name="ymwa_media_disable_sensor">Enable proximity sensor</string>
<string name="ymwa_media_disable_sensor_sum">Enabled by default. If you disable it, the audios will be heard through the speaker.</string>
<string name="ymwa_multimedia_audio_title">Audio</string>
<string name="ymwa_multimedia_disable_noti_audio">Disable audio notification</string>
<string name="ymwa_multimedia_disable_noti_audio_sum">Allows you to hide the notification when an audio is playing.</string>
<string name="ymwa_multimedia_image_quality">Send images in full resolution</string>
<string name="ymwa_multimedia_image_quality_sum">Images will be sent in the highest quality/resolution.</string>
<string name="ymwa_multimedia_image_title">Image</string>
<string name="ymwa_multimedia_note">Actions unlocked:</string>
<string name="ymwa_multimedia_note_item_1">Send videos larger than 16MB</string>
<string name="ymwa_multimedia_note_item_2">Send audios larger than 16MB</string>
<string name="ymwa_multimedia_play_auto">Play voice automatically</string>
<string name="ymwa_multimedia_play_auto_sum">Enabled by default, disable to turn it off.</string>
<string name="ymwa_multimedia_video_title">Video</string>
<string name="ymwa_multimedia_videos_30s">Upload videos of more than 30 seconds</string>
<string name="ymwa_multimedia_videos_30s_sum">Users with WhatsApp Stock will only see 30 seconds.</string>
<string name="ymwa_new_chat">New chat</string>
<string name="ymwa_not_internet">There is no Internet conection</string>
<string name="ymwa_note_android10">IMPORTANT!</string>
<string name="ymwa_open_chat">Open chat</string>
<string name="ymwa_others_airplane_mode">Airplane mode</string>
<string name="ymwa_others_airplane_mode_sum">By activating this mode, you will not receive or send messages.</string>
<string name="ymwa_others_always_online">Always online</string>
<string name="ymwa_others_always_online_sum">It always appears online, even when you exit the application.</string>
<string name="ymwa_others_broadcast_limit">Increase Broadcast limit</string>
<string name="ymwa_others_broadcast_limit_sum">Allows you to broadcast a message up to 500 contacts!</string>
<string name="ymwa_others_mode_dnd_enabled">AIRPLANE MODE IS ENABLED</string>
<string name="ymwa_others_res_pref">Reset preferences</string>
<string name="ymwa_others_res_pref_sum">It will be restored to all defaults, do you want to continue?</string>
<string name="ymwa_others_title">Others</string>
<string name="ymwa_paypal_title">PayPal</string>
<string name="ymwa_pers_chats_screen_title">Chat screen</string>
<string name="ymwa_pers_disable_view_once">Anti-View Once</string>
<string name="ymwa_pers_disable_view_once_sum">It allows you to continue viewing the images/videos, which are sent in view once mode.</string>
<string name="ymwa_pers_emoji_delete_toast">All recently used emojis have been removed.</string>
<string name="ymwa_pers_fonts">Change font style</string>
<string name="ymwa_pers_fonts_sum">Change the font style of the app</string>
<string name="ymwa_pers_fwd_limit">Increase the forwarding limit</string>
<string name="ymwa_pers_fwd_limit_sum">Increase the ability to forward one message instead of 5 chats. (USE THIS OPTION AT YOUR RESPONSIBILITY, IMPROPER USE MAY CAUSE A BAN OF WHATSAPP).</string>
<string name="ymwa_pers_general_title">General</string>
<string name="ymwa_pers_hide_archived_chats">Hide archived chats</string>
<string name="ymwa_pers_hide_archived_chats_sum_v2">Archived chats will not show on the main screen. You can access them by clicking on the right side of the WhatsApp name.</string>
<string name="ymwa_pers_hide_btns_status_screen">Hide buttons on status screen</string>
<string name="ymwa_pers_hide_btns_status_screen_sum">The Mark as viewed and Download statuses buttons will be hidden.</string>
<string name="ymwa_pers_hide_btns_status_screen_sum_v2">The Mark As Seen and Download Status icons will be invisible. You can keep clicking right there.</string>
<string name="ymwa_pers_hide_calls_icon">Hide call icon</string>
<string name="ymwa_pers_hide_calls_icon_sum">The call icon will not be displayed in the chat header.</string>
<string name="ymwa_pers_hide_dates">Hide name and date</string>
<string name="ymwa_pers_hide_dates_sum">The name and date will not be copied when you copy more than two messages.</string>
<string name="ymwa_pers_hide_emoji_delete">Remove recent emojis</string>
<string name="ymwa_pers_hide_status_silenced">Hide muted states</string>
<string name="ymwa_pers_hide_status_silenced_sum">Muted states will not appear on the status screen.</string>
<string name="ymwa_pers_hide_statuses_recent">Hide recent statuses</string>
<string name="ymwa_pers_hide_statuses_recent_sum">Recent statuses will not appear on the status screen.</string>
<string name="ymwa_pers_hide_statuses_viewed">Hide viewed states</string>
<string name="ymwa_pers_hide_statuses_viewed_sum">The viewed statuses will not appear on the status screen.</string>
<string name="ymwa_pers_hide_videocalls_icon">Hide video call icon</string>
<string name="ymwa_pers_hide_videocalls_icon_sum">The video call icon will not be displayed in the chat header.</string>
<string name="ymwa_pers_main_screen_title">Main screen</string>
<string name="ymwa_pers_nick_home">Show my name</string>
<string name="ymwa_pers_nick_home_sum">Your name will be displayed at the top of the home screen.</string>
<string name="ymwa_pers_photos_limit">Send more than 30 photos</string>
<string name="ymwa_pers_photos_limit_sum">It allows you to send up to 100 photos at a time instead of 30.</string>
<string name="ymwa_pers_pin_chats">Pin more than 3 chats</string>
<string name="ymwa_pers_pin_chats_sum">It allows you to pin up to 30 chats instead of 3.</string>
<string name="ymwa_pers_profile_change_toast">Changed her profile picture.</string>
<string name="ymwa_pers_status_screen_title">Status screen</string>
<string name="ymwa_pers_status_seen_toast">Has seen your status.</string>
<string name="ymwa_pers_text_selec">Enable selectable text</string>
<string name="ymwa_pers_text_selec_sum">Allows you to select any part of a message to copy.</string>
<string name="ymwa_pers_toast_online_contact">Online contact notice</string>
<string name="ymwa_pers_toast_online_contact_sum">It will notify you when a contact is online.</string>
<string name="ymwa_pers_toast_profile_change">Notice when changing profile picture</string>
<string name="ymwa_pers_toast_profile_change_sum">It will notify you when a contact changes their profile picture.</string>
<string name="ymwa_pers_toast_status_seen">Status notice seen</string>
<string name="ymwa_pers_toast_status_seen_sum">It will notify you every time a contact sees your status.</string>
<string name="ymwa_pref_confirm_sticker">Confirm sending Sticker</string>
<string name="ymwa_pref_confirm_sticker_sum">An alert will be displayed when submitting a sticker.</string>
<string name="ymwa_privacy_antirevoke_messages">Anti-delete messages</string>
<string name="ymwa_privacy_antirevoke_messages_sum">Deleted messages will not be deleted.</string>
<string name="ymwa_privacy_antirevoke_status">Anti-delete statuses</string>
<string name="ymwa_privacy_antirevoke_status_sum">Deleted statuses will not be deleted.</string>
<string name="ymwa_privacy_broadcast_title">Broadcast privacy</string>
<string name="ymwa_privacy_calls">Calls Privacy</string>
<string name="ymwa_privacy_calls_advanced">Advanced Settings</string>
<string name="ymwa_privacy_calls_black_list">My contacts except…</string>
<string name="ymwa_privacy_calls_declined_types">Show the caller that you declined the call</string>
<string name="ymwa_privacy_calls_everyone">Everyone</string>
<string name="ymwa_privacy_calls_my_contacts">My contacts</string>
<string name="ymwa_privacy_calls_no_answer_types">"Show the caller that you didn't answer the call"</string>
<string name="ymwa_privacy_calls_nobody">Nobody</string>
<string name="ymwa_privacy_calls_options">Who can call me?</string>
<string name="ymwa_privacy_calls_select_contacts">Select contacts</string>
<string name="ymwa_privacy_calls_sum">Disable voice/video calls</string>
<string name="ymwa_privacy_contact_title">Contacts privacy</string>
<string name="ymwa_privacy_custom">Custom Privacy</string>
<string name="ymwa_privacy_custom_anti_revoke">Enable Anti-Revoke</string>
<string name="ymwa_privacy_general_title">General privacy</string>
<string name="ymwa_privacy_group_title">Group privacy</string>
<string name="ymwa_privacy_hide_blue_ticks">Hide blue ticks</string>
<string name="ymwa_privacy_hide_blue_ticks_sum_b">"The sender of the broadcast won't know if they have read the messages."</string>
<string name="ymwa_privacy_hide_blue_ticks_sum_c">"Your contacts won't know that you have read their messages."</string>
<string name="ymwa_privacy_hide_blue_ticks_sum_g">"Members won't know that you have read their messages."</string>
<string name="ymwa_privacy_hide_cr">Hide typing and recording</string>
<string name="ymwa_privacy_hide_cr_c_sum">Your contacts will not know that you are writing a message or recording an audio.</string>
<string name="ymwa_privacy_hide_cr_g_sum">Members will not know that you are writing a message or recording an audio.</string>
<string name="ymwa_privacy_hide_fwd">Hide forwarded tag</string>
<string name="ymwa_privacy_hide_fwd_sum">The forwarded message label will not be displayed.</string>
<string name="ymwa_privacy_hide_play">Hide blue microphone</string>
<string name="ymwa_privacy_hide_play_sum_b">The sender of the broadcast will not know that you heard the voice notes.</string>
<string name="ymwa_privacy_hide_play_sum_c">"Your contacts won't know that you've heard their voice memos."</string>
<string name="ymwa_privacy_hide_play_sum_g">"Members won't know that you have heard the voice notes."</string>
<string name="ymwa_privacy_hide_record">Hide recording…</string>
<string name="ymwa_privacy_hide_seen">Freeze last time/hide online</string>
<string name="ymwa_privacy_hide_seen_sum">No one will be able to see you online.</string>
<string name="ymwa_privacy_hide_status_view">Hide status view</string>
<string name="ymwa_privacy_hide_status_view_sum">"Your contacts won't know that you saw their statuses."</string>
<string name="ymwa_privacy_hide_typing">Hide typing…</string>
<string name="ymwa_privacy_show_blue_ticks_after">Show blue ticks after responding</string>
<string name="ymwa_privacy_show_blue_ticks_after_sum_v2">"Your contacts will see the blue ticks after you've replied. It also applies to groups."</string>
<string name="ymwa_privacy_warning_text">WARNING:</string>
<string name="ymwa_privacy_warning_text_item_1">"If at any time you can't send messages, please disable all privacy and restart the app."</string>
<string name="ymwa_privacy_warning_text_item_2_v2">If you experience message delays, turn off the Hide Blue Microphone option under Privacy and Custom Privacy.</string>
<string name="ymwa_reload">Restart</string>
<string name="ymwa_restore_backup_mod">Restore (Mod)</string>
<string name="ymwa_restore_done">Restore finished!</string>
<string name="ymwa_restore_fail">Restore failed!</string>
<string name="ymwa_restore_msg">Restoring data…</string>
<string name="ymwa_restore_title">Restore</string>
<string name="ymwa_select_browser">Select browser</string>
<string name="ymwa_send_audios_up_to100mb_sum">Allows you to send audios up to 100MB.</string>
<string name="ymwa_send_videos_up_to100mb_sum">Allows you to send videos up to 100MB.</string>
<string name="ymwa_settings_about">About</string>
<string name="ymwa_settings_clean_wa">Clean WhatsApp</string>
<string name="ymwa_settings_donation_text_1">"Help us keep the project active. It's up to you! 💚"</string>
<string name="ymwa_settings_donation_text_2">You can make a small donation to the project through the following means of payment. In case you have another, you can suggest it by contacting the creator.</string>
<string name="ymwa_settings_donation_text_3">And remember, we do not place any type of advertising in the mods, on the web or in the links.</string>
<string name="ymwa_settings_donation_title">Show your support 💚</string>
<string name="ymwa_settings_invite">Invite a friend</string>
<string name="ymwa_settings_invite_sum">"I invite you to try YMWhatsApp+: "</string>
<string name="ymwa_settings_multimedia">Media</string>
<string name="ymwa_settings_others">Other settings</string>
<string name="ymwa_settings_pers">Customization</string>
<string name="ymwa_settings_privacy">Privacy</string>
<string name="ymwa_settings_title">Settings+</string>
<string name="ymwa_settings_title_sum">Privacy, media and more settings</string>
<string name="ymwa_settings_update">Updates</string>
<string name="ymwa_social_ig">My Instagram Profile</string>
<string name="ymwa_social_tg">My Telegram Contact</string>
<string name="ymwa_social_title">Social media</string>
<string name="ymwa_social_tw">My Twitter Profile</string>
<string name="ymwa_thx">Thanks to</string>
<string name="ymwa_unknown_sources">Unknown sources</string>
<string name="ymwa_unknown_sources_note">If you have Android 10 or higher, please allow installation from unknown sources.</string>
<string name="ymwa_update_changelog_sum">Click here to see the changelog</string>
<string name="ymwa_update_changelog_title">Changelog</string>
<string name="ymwa_update_developer_ig">Follow me on Instagram</string>
<string name="ymwa_update_developer_title">Developer</string>
<string name="ymwa_update_groups_title">Community</string>
<string name="ymwa_update_layout_title">Update available!</string>
<string name="ymwa_update_main_channel">Telegram Channel</string>
<string name="ymwa_update_main_channel_sum">YMWhatsApp+ official channel on Telegram.</string>
<string name="ymwa_update_support_group">Support group</string>
<string name="ymwa_update_support_group_sum">YMWhatsApp+ support group on Telegram.</string>
<string name="ymwa_update_web_site">Website</string>
<string name="ymwa_update_web_site_sum">Here you can see all the necessary information.</string>
<string name="ymwa_update_web_title">Updates via web</string>
</resources>
