<?xml version="1.0" encoding="utf-8"?>
<resources>
<style name="FlatCardSeparatorYM" parent="@android:style/Widget"><item name="android:background">@color/transparent</item><item name="android:layout_width">fill_parent</item><item name="android:layout_height">0.0dip</item><item name="android:layout_marginLeft">@dimen/info_screen_padding</item></style>
<style name="TextGroupAdmin"><item name="android:textSize">11.0sp</item><item name="android:textColor">@color/group_admin</item><item name="android:background">@drawable/group_admin_background</item><item name="android:paddingLeft">4.0dip</item><item name="android:paddingTop">2.0dip</item><item name="android:paddingRight">4.0dip</item><item name="android:paddingBottom">2.0dip</item><item name="android:layout_width">wrap_content</item><item name="android:layout_height">wrap_content</item><item name="android:text">@string/group_admin</item></style>
<style name="YMWA.Button" parent="@style/WA.Button"><item name="android:textSize">11.0sp</item><item name="android:textColor">@color/settings_item_title_text</item><item name="android:background">@color/searchStatusBar</item></style>
</resources>
