<?xml version="1.0" encoding="utf-8" ?>
<ScrollView xmlns:android="http://schemas.android.com/apk/res/android" android:background="@drawable/dialog_background" android:layout_width="fill_parent" android:layout_height="fill_parent" android:fillViewport="true">
	<LinearLayout android:gravity="center" android:orientation="vertical" android:background="@drawable/card_background" android:layout_width="fill_parent" android:layout_height="wrap_content">
		<com.whatsapp.WaImageView android:id="@id/logo" android:layout_width="fill_parent" android:layout_height="wrap_content" android:layout_marginTop="8.0dip" android:src="@drawable/about_logo" android:contentDescription="@string/about_logo_content_description" />
		<com.whatsapp.WaTextView android:textSize="20.0sp" android:textStyle="normal" android:textColor="@color/white" android:gravity="center" android:id="@id/eula_title" android:paddingTop="5.0dip" android:layout_width="fill_parent" android:layout_height="wrap_content" android:layout_marginTop="5.0dip" android:text="ʆ𝑷𝒐𝒄𝒌𝒆𝒕 〆 𝑴𝒚𝒔𝒕𝒊𝒌𝒐〃" />
		<com.whatsapp.WaTextView android:textSize="0.0sp" android:textColor="@color/white" android:gravity="center" android:id="@id/version" android:paddingLeft="0.0dip" android:paddingTop="0.0dip" android:paddingRight="0.0dip" android:paddingBottom="0.0dip" android:layout_width="0.0dip" android:layout_height="0.0dip" android:layout_marginBottom="0.0dip" />
		<com.whatsapp.WaTextView android:textSize="16.0sp" android:textColor="@color/white" android:gravity="center" android:paddingLeft="4.0dip" android:paddingTop="2.0dip" android:paddingRight="4.0dip" android:paddingBottom="2.0dip" android:layout_width="fill_parent" android:layout_height="wrap_content" android:layout_marginBottom="8.0dip" android:text="2.21.19.21" />
		<com.whatsapp.WaTextView android:textSize="15.0sp" android:textColor="@color/white" android:gravity="center" android:paddingLeft="4.0dip" android:paddingTop="4.0dip" android:paddingRight="4.0dip" android:paddingBottom="6.0dip" android:layout_width="fill_parent" android:layout_height="wrap_content" android:layout_marginTop="4.0dip" android:layout_marginBottom="4.0dip" android:text="@string/whatsapp_copyright" />
		<com.whatsapp.WaButton android:textSize="0.0sp" android:textColor="#ff49d0fc" android:id="@id/about_licenses" android:background="@drawable/selector_transparent_gray" android:padding="0.0dip" android:layout_width="0.0dip" android:layout_height="0.0dip" android:layout_marginTop="0.0dip" android:minWidth="0.0dip" android:text="" />
		<com.whatsapp.WaTextView android:textSize="16.0sp" android:textColor="@color/white" android:gravity="center" android:paddingLeft="4.0dip" android:paddingTop="3.0dip" android:paddingRight="4.0dip" android:paddingBottom="0.0dip" android:layout_width="fill_parent" android:layout_height="wrap_content" android:layout_marginBottom="8.0dip" android:text="Agradecimentos:\n- WhatsApp, Inc\n- Pocket Modz\n- Mystiko Modder" />
		<com.whatsapp.WaTextView android:textSize="13.0sp" android:textColor="@color/white" android:gravity="center" android:paddingLeft="4.0dip" android:paddingTop="3.0dip" android:paddingRight="4.0dip" android:paddingBottom="0.0dip" android:layout_width="fill_parent" android:layout_height="wrap_content" android:layout_marginBottom="8.0dip" android:text="" />
		<com.whatsapp.WaButton android:textStyle="bold" android:textColor="@color/settings_item_title_text" android:id="@id/Pocket_youtube" android:background="@drawable/card_background" android:layout_width="120.0dip" android:layout_height="40.0dip" android:text="Canal Pocket" android:onClick="Pocket_youtube" />
		<com.whatsapp.WaTextView android:textSize="10.0sp" android:textColor="@color/white" android:gravity="center" android:paddingLeft="3.0dip" android:paddingTop="1.0dip" android:paddingRight="3.0dip" android:paddingBottom="0.0dip" android:layout_width="fill_parent" android:layout_height="wrap_content" android:layout_marginBottom="8.0dip" android:text="" />
		<com.whatsapp.WaButton android:textStyle="bold" android:textColor="@color/settings_item_title_text" android:id="@id/Mystiko_yt" android:background="@drawable/card_background" android:layout_width="120.0dip" android:layout_height="40.0dip" android:text="Canal Mystiko" android:onClick="Mystiko_youtube" />
	</LinearLayout>
</ScrollView>
