<?xml version="1.0" encoding="utf-8" ?>
<PreferenceScreen xmlns:android="http://schemas.android.com/apk/res/android" android:title="@string/privacy_title">
	<Preference android:layout="@layout/Kodayk_return" />
	<PreferenceCategory android:title="@string/KodaykUniversal" />
	<SwitchPreference android:title="@string/KodaykHideSeen" android:key="HideSeen" android:summary="@string/KodaykHideSeenSum" android:defaultValue="false" />
	<SwitchPreference android:title="@string/HideViewStatus" android:key="hide_status" android:summary="@string/HideViewStatusSum" android:defaultValue="false" />
	<SwitchPreference android:title="@string/KodaykBOR" android:key="BlueOnReply" android:summary="@string/KodaykBORsum" android:dependency="HideReadC" android:defaultValue="false" />
	<SwitchPreference android:title="@string/kdy_anti_view_once" android:key="anti_once" android:summary="@string/kdy_anti_view_once_sum" android:defaultValue="false" />
	<SwitchPreference android:title="@string/DisableFwd" android:key="DisableFwd" android:summary="@string/DisableFwdS" android:defaultValue="false" />
	<PreferenceCategory android:title="@string/KodaykRevoke" />
	<SwitchPreference android:title="@string/KodaykAR" android:key="Antirevoke" android:summary="@string/KodaykARSum" android:defaultValue="false" />
	<SwitchPreference android:title="@string/KodaykAR_status" android:key="Antirevoke_status" android:summary="@string/KodaykAR_statusSum" android:defaultValue="false" />
	<SwitchPreference android:title="@string/DisableRToast" android:key="disable_show_message_deleted_toast" android:summary="@string/DisableRToastSum" android:defaultValue="false" />
	<PreferenceCategory android:title="@string/image_settings" />
	<Preference android:title="@string/media_settings" android:summary="@string/image_settings_sum">
		<intent android:targetPackage="com.whatsapp" android:action="android.intent.action.VIEW" android:targetClass="com.Kodayk.Main.MediaLite" />
	</Preference>
	<PreferenceCategory android:title="@string/privacy_calls" />
	<Preference android:title="@string/privacy_calls" android:summary="@string/privacy_calls_sum">
		<intent android:targetPackage="com.whatsapp" android:action="android.intent.action.VIEW" android:targetClass="com.Kodayk.Privacy.PrivCalls" />
	</Preference>
	<PreferenceCategory android:title="@string/KodaykContacts" />
	<SwitchPreference android:title="@string/KodaykHideRead" android:key="HideReadC" android:summary="@string/KodaykHideReadSumC" android:defaultValue="false" />
	<SwitchPreference android:title="@string/KodaykHideReceipt" android:key="HideReceiptC" android:summary="@string/KodaykHideReceiptSumC" android:dependency="HideReadC" android:defaultValue="false" />
	<SwitchPreference android:title="@string/KodaykHidePlay" android:key="HidePlayC" android:summary="@string/KodaykHidePlaySumC" android:defaultValue="false" />
	<SwitchPreference android:title="@string/KodaykHideCompose" android:key="HideComposeC" android:summary="@string/KodaykHideComposeSum" android:dependency="HideRecordC" android:defaultValue="false" />
	<SwitchPreference android:title="@string/KodaykHideRecord" android:key="HideRecordC" android:summary="@string/KodaykHideRecordSum" android:defaultValue="false" />
	<PreferenceCategory android:title="@string/KodaykGroups" />
	<SwitchPreference android:title="@string/KodaykHideRead" android:key="HideReadG" android:summary="@string/KodaykHideReadSumG" android:defaultValue="false" />
	<SwitchPreference android:title="@string/KodaykHideReceipt" android:key="HideReceiptG" android:summary="@string/KodaykHideReceiptSumG" android:dependency="HideReadG" android:defaultValue="false" />
	<SwitchPreference android:title="@string/KodaykHidePlay" android:key="HidePlayG" android:summary="@string/KodaykHidePlaySumG" android:defaultValue="false" />
	<SwitchPreference android:title="@string/KodaykHideCompose" android:key="HideComposeG" android:summary="@string/KodaykHideComposeSum" android:dependency="HideRecordG" android:defaultValue="false" />
	<SwitchPreference android:title="@string/KodaykHideRecord" android:key="HideRecordG" android:summary="@string/KodaykHideRecordSum" android:defaultValue="false" />
	<PreferenceCategory android:title="@string/KodaykBroadcasts" />
	<SwitchPreference android:title="@string/KodaykHideRead" android:key="HideReadB" android:summary="@string/KodaykHideReadSumB" android:defaultValue="false" />
	<SwitchPreference android:title="@string/KodaykHideReceipt" android:key="HideReceiptB" android:summary="@string/KodaykHideReceiptSumB" android:dependency="HideReadB" android:defaultValue="false" />
	<SwitchPreference android:title="@string/KodaykHidePlay" android:key="HidePlayB" android:summary="@string/KodaykHidePlaySumB" android:defaultValue="false" />
	<SwitchPreference android:title="@string/KodaykHideCompose" android:key="HideComposeB" android:summary="@string/KodaykHideComposeSum" android:dependency="HideRecordB" android:defaultValue="false" />
	<SwitchPreference android:title="@string/KodaykHideRecord" android:key="HideRecordB" android:summary="@string/KodaykHideRecordSum" android:defaultValue="false" />
	<PreferenceCategory android:title="@string/ResetC" />
	<com.Kodayk.Main.Actions android:title="@string/ResetPriv" android:key="reset" android:summary="@string/ResetPrivSum" />
</PreferenceScreen>
