<?xml version="1.0" encoding="utf-8" ?>
<id1.id2.whatsapp.home.drawer.NavigationDrawer xmlns:android="http://schemas.android.com/apk/res/android" xmlns:custom="http://schemas.android.com/apk/res-auto" xmlns:whatsapp="http://schemas.android.com/apk/res-auto" xmlns:app="http://schemas.android.com/apk/res-auto" android:id="@+id/drawer" android:focusable="true" android:clickable="true" android:layout_width="fill_parent" android:layout_height="fill_parent">
	<RelativeLayout android:id="@+id/mContentDrawer" android:background="@color/osmod_nav" android:layout_width="300.0dip" android:layout_height="fill_parent">
		<ScrollView android:orientation="vertical" android:layout_width="fill_parent" android:layout_height="fill_parent">
			<LinearLayout android:orientation="vertical" android:layout_width="fill_parent" android:layout_height="wrap_content">
				<FrameLayout android:orientation="vertical" android:id="@+id/header" android:layout_width="fill_parent" android:layout_height="fill_parent">
					<RelativeLayout android:layout_width="fill_parent" android:layout_height="200.0dip" android:layout_marginBottom="8.0dip">
						<com.osmod.kenburnsview.KenBurnsView android:layout_width="fill_parent" android:layout_height="fill_parent" android:src="@drawable/cover_bg" android:scaleType="centerCrop" android:adjustViewBounds="true" />
						<LinearLayout android:gravity="start" android:orientation="vertical" android:paddingLeft="16.0dip" android:paddingTop="24.0dip" android:paddingRight="16.0dip" android:paddingBottom="8.0dip" android:layout_width="fill_parent" android:layout_height="fill_parent">
							<id1.id2.whatsapp.ui.ProfileViews android:gravity="start" android:id="@+id/profile_picture" android:layout_width="100.0dip" android:layout_height="100.0dip" custom:tbtnBorderColor="@color/white" custom:tbtnBorderSize="2.0dip" custom:tbtnRadius="@dimen/mid_avatar_radius" />
							<begal.drawer.NameTextHome android:textSize="18.0sp" android:textStyle="bold" android:textColor="@color/settings_item_title_text" android:layout_gravity="center_horizontal" android:id="@+id/begal_name" android:layout_width="wrap_content" android:layout_height="wrap_content" />
							<begal.drawer.NameTextHome android:textSize="13.0sp" android:textColor="@color/settings_item_title_text" android:gravity="bottom|center" android:layout_gravity="center_horizontal" android:id="@+id/begal_status" android:paddingTop="3.0dip" android:layout_width="wrap_content" android:layout_height="wrap_content" android:scaleType="fitCenter" />
						</LinearLayout>
					</RelativeLayout>
				</FrameLayout>
				<LinearLayout android:orientation="vertical" android:layout_width="fill_parent" android:layout_height="wrap_content" android:layout_below="@+id/header">
					<id1.id2.whatsapp.home.drawer.NavigationDrawerItem android:textStyle="bold" android:textColor="@color/osmod_txt" android:id="@+id/archived_chats" android:layout_width="fill_parent" android:layout_height="48.0dip" custom:icon="@drawable/az_mod" custom:label="@string/osmod_settings" />
					<id1.id2.whatsapp.home.drawer.NavigationDrawerItem android:textStyle="bold" android:textColor="@color/osmod_txt" android:id="@+id/starred_messages" android:layout_width="fill_parent" android:layout_height="48.0dip" custom:icon="@drawable/az_chat" custom:label="@string/osmod_other_mod" />
					<id1.id2.whatsapp.home.drawer.NavigationDrawerItem android:textStyle="bold" android:textColor="@color/osmod_txt" android:id="@+id/whatsapp_web" android:layout_width="fill_parent" android:layout_height="48.0dip" custom:icon="@drawable/az_setting" custom:label="@string/osmod_New_Group" />
					<id1.id2.whatsapp.home.drawer.NavigationDrawerItem android:textStyle="bold" android:textColor="@color/osmod_txt" android:id="@+id/nav_privacy" android:layout_width="fill_parent" android:layout_height="48.0dip" custom:icon="@drawable/ic_action_archive" custom:label="@string/osmod_Archived_Chats" />
					<View android:layout_width="1.0dip" android:layout_height="8.0dip" />
					<View android:background="?android:listDivider" android:layout_width="fill_parent" android:layout_height="0.5dip" />
					<id1.id2.whatsapp.home.drawer.NavigationDrawerItem android:textStyle="bold" android:textColor="@color/osmod_txt" android:id="@+id/nav_settings" android:layout_width="fill_parent" android:layout_height="48.0dip" custom:icon="@drawable/az_ic_unlock" custom:label="@string/osmod_priv" />
					<id1.id2.whatsapp.home.drawer.NavigationDrawerItem android:textStyle="bold" android:textColor="@color/osmod_txt" android:id="@+id/nav_about" android:layout_width="fill_parent" android:layout_height="48.0dip" custom:icon="@drawable/az_about" custom:label="@string/osmod_follow" />
				</LinearLayout>
			</LinearLayout>
		</ScrollView>
		<FrameLayout android:gravity="bottom" android:layout_gravity="start|bottom|center" android:orientation="vertical" android:layout_width="fill_parent" android:layout_height="fill_parent" android:layout_alignParentBottom="true">
			<LinearLayout android:gravity="bottom" android:layout_gravity="start|bottom|center" android:orientation="vertical" android:layout_width="fill_parent" android:layout_height="fill_parent" android:layout_marginTop="60.0dip">
				<View android:background="?android:listDivider" android:layout_width="fill_parent" android:layout_height="0.5dip" android:layout_marginTop="5.0dip" android:layout_marginBottom="5.0dip" />
				<TextView android:textSize="8.0sp" android:textStyle="bold" android:layout_width="fill_parent" android:layout_height="wrap_content" android:text="About" />
				<LinearLayout android:orientation="vertical" android:id="@+id/mod_by" android:padding="5.0dip" android:layout_width="fill_parent" android:layout_height="wrap_content">
					<TextView android:textSize="10.0sp" android:layout_width="wrap_content" android:layout_height="wrap_content" android:text="Mod By:" />
					<TextView android:textSize="10.0sp" android:id="@+id/mInfo" android:layout_width="wrap_content" android:layout_height="wrap_content" android:text="OSMod" android:textAllCaps="true" />
				</LinearLayout>
			</LinearLayout>
		</FrameLayout>
		<View android:background="?android:listDivider" android:layout_width="0.5dip" android:layout_height="fill_parent" android:layout_alignParentRight="true" />
	</RelativeLayout>
</id1.id2.whatsapp.home.drawer.NavigationDrawer>
