<?xml version="1.0" encoding="utf-8" ?>
<RelativeLayout xmlns:android="http://schemas.android.com/apk/res/android" xmlns:whatsapp="http://schemas.android.com/apk/res-auto" android:layout_width="fill_parent" android:layout_height="@dimen/conversations_row_height">
	<FrameLayout android:id="@id/contact_selector" android:paddingLeft="@dimen/list_row_padding" android:layout_width="wrap_content" android:layout_height="@dimen/conversations_row_height" android:layout_alignParentLeft="true" android:layout_centerVertical="true">
		<com.whatsapp.ContactStatusThumbnail android:layout_gravity="center|left" android:id="@id/contact_photo" android:padding="2.5dip" android:layout_width="@dimen/status_thumbnail_size" android:layout_height="@dimen/status_thumbnail_size" android:scaleType="centerCrop" whatsapp:cstErrorColor="@color/status_error" whatsapp:cstSeenColor="@color/status_seen" whatsapp:cstUnseenColor="@color/status_unseen" whatsapp:tbtnBorderSize="2.5dip" whatsapp:tbtnForegroundOnly="false" whatsapp:tbtnRadius="@dimen/small_avatar_radius" />
		<com.whatsapp.WaImageView android:layout_gravity="bottom|center|right" android:id="@id/contact_mark" android:paddingBottom="2.0dip" android:visibility="gone" android:layout_width="wrap_content" android:layout_height="wrap_content" android:layout_marginBottom="6.0dip" android:scaleType="center" whatsapp:tint="@color/myStatusesIconTint" />
	</FrameLayout>
	<FrameLayout android:id="@id/action" android:paddingRight="8.0dip" android:visibility="gone" android:layout_width="wrap_content" android:layout_height="fill_parent" android:layout_alignParentRight="true" android:layout_centerVertical="true">
		<com.whatsapp.WaImageView android:id="@id/action_icon" android:duplicateParentState="true" android:layout_width="wrap_content" android:layout_height="fill_parent" style="@style/ActionBarButtonStyle" />
	</FrameLayout>
	<LinearLayout android:gravity="left" android:orientation="vertical" android:paddingLeft="@dimen/list_row_padding" android:paddingRight="@dimen/list_row_padding" android:layout_width="fill_parent" android:layout_height="wrap_content" android:layout_toLeftOf="@id/action" android:layout_toRightOf="@id/contact_selector" android:layout_centerVertical="true">
		<com.whatsapp.TextEmojiLabel android:layout_gravity="left" android:id="@id/contact_name" android:layout_width="wrap_content" android:layout_height="wrap_content" style="?listItemTitle" />
		<com.whatsapp.WaTextView android:ellipsize="end" android:layout_gravity="left" android:id="@id/date_time" android:layout_width="wrap_content" android:layout_height="wrap_content" android:singleLine="true" style="?listItemSubtitle" />
	</LinearLayout>
	<View android:id="@id/divider" android:layout_width="fill_parent" android:layout_height="0.5dip" android:layout_alignParentBottom="true" />
</RelativeLayout>
