<?xml version="1.0" encoding="utf-8"?>
<resources>
<item type="id" name="begal_settings" />
<item type="id" name="panel_off" />
<item type="id" name="radio_select_duration" />
<item type="id" name="radio_1_min" />
<item type="id" name="radio_5_min" />
<item type="id" name="radio_10_min" />
<item type="id" name="radio_30_min" />
<item type="id" name="radio_1_hr" />
<item type="id" name="radio_2_hr" />
<item type="id" name="button_data_off" />
<item type="id" name="button_data_on" />
<item type="id" name="font_preview" />
<item type="id" name="font_submition" />
<item type="id" name="font_path" />
<item type="id" name="button_font_apply" />
<item type="id" name="button_font_reset" />
<item type="id" name="begal_profile" />
<item type="id" name="begal_name" />
<item type="id" name="begal_status" />
<item type="id" name="begal_2" />
<item type="id" name="begal_3" />
<item type="id" name="begal_plus" />
<item type="id" name="begal_1" />
<item type="id" name="mDndTitle" />
<item type="id" name="mDndIcon" />
<item type="id" name="setting_compound_button" />
<item type="id" name="setting_label" />
<item type="id" name="stock_statuses_fragment" />
<item type="id" name="statuses_recyclerview" />
<item type="id" name="stories_fragment" />
<item type="id" name="mStoriesStart" />
<item type="id" name="mContactBg" />
<item type="id" name="mStoriesEnd" />
</resources>
