<?xml version="1.0" encoding="utf-8" ?>
<PreferenceScreen xmlns:android="http://schemas.android.com/apk/res/android" android:title="@string/ymwa_pers_chats_screen_title">
	<PreferenceCategory android:title="@string/ymwa_pers_general_title" />
	<SwitchPreference android:title="@string/ymwa_pers_photos_limit" android:key="ymwa_photos_limit_check" android:summary="@string/ymwa_pers_photos_limit_sum" android:defaultValue="false" />
	<SwitchPreference android:title="@string/ymwa_pers_fwd_limit" android:key="ymwa_fwd_limit_check" android:summary="@string/ymwa_pers_fwd_limit_sum" android:defaultValue="false" />
	<SwitchPreference android:title="@string/ymwa_pref_confirm_sticker" android:key="ymwa_show_sticker_alert_check" android:summary="@string/ymwa_pref_confirm_sticker_sum" android:defaultValue="false" />
	<SwitchPreference android:title="@string/ymwa_pers_disable_view_once" android:key="ymwa_disable_view_once_check" android:summary="@string/ymwa_pers_disable_view_once_sum" android:defaultValue="true" />
	<SwitchPreference android:title="@string/ymwa_pers_hide_dates" android:key="ymwa_hide_info_check" android:summary="@string/ymwa_pers_hide_dates_sum" android:defaultValue="false" />
	<SwitchPreference android:title="@string/ymwa_pers_text_selec" android:key="ymwa_text_selected_check" android:summary="@string/ymwa_pers_text_selec_sum" android:defaultValue="false" />
	<PreferenceCategory android:title="@string/ymwa_contacts_title" />
	<SwitchPreference android:title="@string/ymwa_pers_hide_calls_icon" android:key="ymwa_vo_callbtn_check" android:summary="@string/ymwa_pers_hide_calls_icon_sum" android:defaultValue="false" />
	<SwitchPreference android:title="@string/ymwa_pers_hide_videocalls_icon" android:key="ymwa_vi_callbtn_check" android:summary="@string/ymwa_pers_hide_videocalls_icon_sum" android:defaultValue="false" />
	<PreferenceCategory android:title="@string/ymwa_groups_title" />
	<SwitchPreference android:title="@string/ymwa_pers_hide_calls_icon" android:key="ymwa_vo_callbtn_g_check" android:summary="@string/ymwa_pers_hide_calls_icon_sum" android:defaultValue="false" />
	<SwitchPreference android:title="@string/ymwa_pers_hide_videocalls_icon" android:key="ymwa_vi_callbtn_g_check" android:summary="@string/ymwa_pers_hide_videocalls_icon_sum" android:defaultValue="false" />
</PreferenceScreen>
