<?xml version="1.0" encoding="utf-8" ?>
<PreferenceScreen xmlns:android="http://schemas.android.com/apk/res/android" android:title="@string/ymwa_pers_general_title">
	<PreferenceCategory android:title="@string/ymwa_pers_general_title" />
	<ListPreference android:entries="@array/font_entries" android:title="@string/ymwa_pers_fonts" android:key="fontv2" android:summary="@string/ymwa_pers_fonts_sum" android:defaultValue="Default" android:entryValues="@array/font_entries" />
	<SwitchPreference android:title="@string/ymwa_pers_toast_online_contact" android:key="ymwa_online_toast_check" android:summary="@string/ymwa_pers_toast_online_contact_sum" android:defaultValue="false" />
	<SwitchPreference android:title="@string/ymwa_pers_toast_status_seen" android:key="ymwa_status_toast_check" android:summary="@string/ymwa_pers_toast_status_seen_sum" android:defaultValue="false" />
	<SwitchPreference android:title="@string/ymwa_pers_toast_profile_change" android:key="ymwa_profile_toast_check" android:summary="@string/ymwa_pers_toast_profile_change_sum" android:defaultValue="false" />
	<SwitchPreference android:title="@string/ymwa_others_broadcast_limit" android:key="ymwa_broadcast_limit_check" android:summary="@string/ymwa_others_broadcast_limit_sum" android:defaultValue="false" />
	<SwitchPreference android:title="@string/ymwa_others_airplane_mode" android:key="ymwa_dnd_mode_check" android:summary="@string/ymwa_others_airplane_mode_sum" android:defaultValue="false" />
	<SwitchPreference android:title="@string/ymwa_others_always_online" android:key="ymwa_always_online_check" android:summary="@string/ymwa_others_always_online_sum" android:defaultValue="false" />
	<PreferenceCategory android:title="" />
</PreferenceScreen>
