<?xml version="1.0" encoding="utf-8" ?>
<PreferenceScreen xmlns:android="http://schemas.android.com/apk/res/android" xmlns:robobunny="http://robobunny.com" android:title="@string/ymwa_settings_multimedia">
	<PreferenceCategory android:title="@string/ymwa_multimedia_image_title" />
	<SwitchPreference android:title="@string/ymwa_multimedia_image_quality" android:key="ymwa_image_hd_check" android:summary="@string/ymwa_multimedia_image_quality_sum" android:defaultValue="true" />
	<PreferenceCategory android:title="@string/ymwa_multimedia_video_title" />
	<SwitchPreference android:title="@string/ymwa_multimedia_note_item_1" android:key="ymwa_media_limit_check" android:summary="@string/ymwa_send_videos_up_to100mb_sum" android:defaultValue="false" />
	<SwitchPreference android:title="@string/ymwa_multimedia_videos_30s" android:key="ymwa_long_status_check" android:summary="@string/ymwa_multimedia_videos_30s_sum" android:defaultValue="false" />
	<PreferenceCategory android:title="@string/ymwa_multimedia_audio_title" />
	<SwitchPreference android:title="@string/ymwa_multimedia_note_item_2" android:key="ymwa_audio_limit_check" android:summary="@string/ymwa_send_audios_up_to100mb_sum" android:defaultValue="false" />
	<SwitchPreference android:title="@string/ymwa_media_disable_sensor" android:key="ymwa_media_sensor_check" android:summary="@string/ymwa_media_disable_sensor_sum" android:defaultValue="true" />
	<PreferenceCategory android:title="" />
</PreferenceScreen>
