<?xml version="1.0" encoding="utf-8" ?>
<ScrollView xmlns:android="http://schemas.android.com/apk/res/android" android:background="@drawable/card_background" android:layout_width="fill_parent" android:layout_height="fill_parent" android:fillViewport="true">
	<LinearLayout android:gravity="center" android:orientation="vertical" android:layout_width="fill_parent" android:layout_height="wrap_content">
		<com.whatsapp.WaImageView android:id="@id/logo" android:layout_width="fill_parent" android:layout_height="wrap_content" android:layout_marginTop="8.0dip" android:src="@drawable/about_logo" android:contentDescription="@string/about_logo_content_description" />
		<com.whatsapp.WaTextView android:textSize="20.0sp" android:textStyle="normal" android:textColor="@color/white" android:gravity="center" android:id="@id/eula_title" android:paddingTop="5.0dip" android:layout_width="fill_parent" android:layout_height="wrap_content" android:layout_marginTop="5.0dip" android:text="「 𝐁𝐋𝐀𝐂𝐊 ꋊ 𝟐𝟎𝐊 」" />
		<com.whatsapp.WaTextView android:textSize="16.0sp" android:textColor="@color/white" android:gravity="center" android:id="@id/version" android:paddingLeft="0.0dip" android:paddingTop="0.0dip" android:paddingRight="0.0dip" android:paddingBottom="0.0dip" android:layout_width="0.0dip" android:layout_height="0.0dip" android:layout_marginBottom="0.0dip" />
		<com.whatsapp.WaTextView android:textSize="16.0sp" android:textColor="@color/white" android:gravity="center" android:paddingLeft="4.0dip" android:paddingTop="2.0dip" android:paddingRight="4.0dip" android:paddingBottom="2.0dip" android:layout_width="fill_parent" android:layout_height="wrap_content" android:layout_marginBottom="8.0dip" android:text="Feito por Black Modz" />
		<com.whatsapp.WaButton android:textSize="0.0sp" android:textColor="#ff49d0fc" android:id="@id/about_licenses" android:background="@drawable/selector_transparent_gray" android:padding="0.0dip" android:layout_width="0.0dip" android:layout_height="0.0dip" android:layout_marginTop="0.0dip" android:minWidth="0.0dip" android:text="" />
		<com.whatsapp.WaTextView android:textSize="16.0sp" android:textColor="@color/white" android:gravity="center" android:paddingLeft="4.0dip" android:paddingTop="3.0dip" android:paddingRight="4.0dip" android:paddingBottom="0.0dip" android:layout_width="fill_parent" android:layout_height="wrap_content" android:layout_marginBottom="8.0dip" android:text="Agradecimentos: \n- WhatsApp, Inc\n- Team Eternal\n- Cxrzin Modder" />
	</LinearLayout>
</ScrollView>
