<?xml version="1.0" encoding="utf-8" ?>
<PreferenceScreen xmlns:android="http://schemas.android.com/apk/res/android" android:title="Caim DKS Privacy">
<PreferenceScreen android:layout="@layout/ExzCaim_CdView" />
<PreferenceScreen android:layout="@layout/ExzC_privacy">
<PreferenceCategory android:title="Universal" />
<Preference
         android:title="Criador">
         <intent
            android:action="android.intent.action.VIEW"
            android:data="http://wa.me/+5521971134968" />
        </Preference>
        <SwitchPreference
            android:title="Congelar Visto Por Último"
            android:key="HideSeen"
            android:defaultValue="false" />
        <SwitchPreference
            android:title="Ocultar Visualização De Status"
            android:key="hide_status"
            android:defaultValue="false" />
        <SwitchPreference
            android:title="Ocultar Tag Encaminhamento"
            android:key="DisableFwd"
            android:defaultValue="false" />
        <SwitchPreference
            android:title="Anti Deletar Mensagens E Status"
            android:key="Antirevoke"
            android:defaultValue="false" />
        <PreferenceCategory android:title="Contatos" />
        <SwitchPreference
            android:title="Ticks Azuis Após A Resposta"
            android:key="BlueOnReply"
            android:dependency="C_HideRead"
            android:defaultValue="false" />
        <SwitchPreference
            android:title="Ocultar Ticks Azuis"
            android:key="C_HideRead"
            android:defaultValue="false" />
        <PreferenceCategory android:title="Grupos" />
        <SwitchPreference
            android:title="Ocultar Ticks Azuis"
            android:key="G_HideRead"
            android:defaultValue="false" />
        <PreferenceCategory android:title="Transmissões" />
        <SwitchPreference
            android:title="Ocultar Ticks Azuis"
            android:key="G_HideRead"
            android:defaultValue="false" />
        <PreferenceCategory android:title="Reustaurar Padrão" />
        <com.sammods.Activities
            android:title="Reustaurar Padrão"
            android:key="reset" />
</PreferenceScreen>
</PreferenceScreen>
