

__________________________________________________________________

res - xml -  yo_convo_mods | Add


<SwitchPreference 
android:title="@string/pref_quick_contact" 
android:key="key_quick_view" 
android:summary="@string/sum_enable" 
android:defaultValue="true" 
android:summaryOn="𝐒𝐋 𝐓𝐄𝐑𝐑⁩𝚯𝐑 𝐅𝐀𝐌𝐈𝐋𝐘" 
android:summaryOff="Click Here" />
	<ListPreference 
	android:entries="@array/quick_entry" 
	android:title="@string/title_quick_position" 
	android:key="key_quick_position" 
	android:summary="%s" 
	android:defaultValue="top" 
	android:entryValues="@array/quick_value" />



__________________________________________________________________

res - search  
	
	
<View android:id="@id/footer_size" android:layout_width="0.0dip" android:layout_height="fill_parent" android:layout_alignTop="@id/footer" android:layout_alignBottom="@id/footer" />												


Replace

							
	<com.OM7753.SideBar.quick.QuickView android:layout_width="fill_parent" android:layout_height="fill_parent" android:layout_above="@id/footer" android:layout_below="@id/group_description" />
	<View android:id="@id/footer_size" android:layout_width="0.0dip" android:layout_height="fill_parent" android:layout_alignTop="@id/footer" android:layout_alignBottom="@id/footer" />

__________________________________________________________________

res - values - colors | Add



<color name="mText">#ffffffff</color>
<color name="primaryButtonColorAssem">#ff075e54</color>
<color name="floating_edit_text_color">#ffc8c8c8</color>
<color name="floating_edit_text_highlighted_color">#ff3f51b5</color>
<color name="floating_edit_text_error_color">#ffdb4437</color>
<color name="AssemColor">#ff4d5655</color>
<color name="AssemColor2">#ffffffff</color>
<color name="AssemButtonColor">#ff1e4ac5</color>
<color name="dialog_background_auto">#fff3f3f5</color>
<color name="text">#ffaaaaaa</color>
<color name="date">#ff777777</color>
<color name="status_1">#ff666666</color>
<color name="status_2">#ff33b5e5</color>


__________________________________________________________________
