<?xml version="1.0" encoding="utf-8"?>
<resources>
<item type="id" name="linear1">false</item>
<item type="id" name="linear2">false</item>
<item type="id" name="textview1">false</item>
<item type="id" name="linear3">false</item>
<item type="id" name="imageview1">false</item>
<item type="id" name="linear5">false</item>
<item type="id" name="textview2">false</item>
<item type="id" name="linear4">false</item>
<item type="id" name="button1">false</item>
<item type="id" name="button2">false</item>
<item type="id" name="textview3">false</item>
</resources>
