<?xml version="1.0" encoding="utf-8" ?>
<ScrollView xmlns:android="http://schemas.android.com/apk/res/android" xmlns:app="http://schemas.android.com/apk/res-auto" android:background="?settingsBackgroundColor" android:layout_width="fill_parent" android:layout_height="fill_parent">
	<LinearLayout android:orientation="vertical" android:paddingTop="8.0dip" android:paddingBottom="8.0dip" android:layout_width="fill_parent" android:layout_height="wrap_content">
		<LinearLayout android:paddingLeft="2.0dip" android:paddingTop="2.0dip" android:paddingRight="2.0dip" android:paddingBottom="2.0dip" android:layout_width="fill_parent" android:layout_height="wrap_content">
			<LinearLayout android:background="@drawable/card_background" android:layout_width="fill_parent" android:layout_height="wrap_content" android:layout_marginLeft="4.0dip" android:layout_marginTop="4.0dip" android:layout_marginRight="4.0dip" android:layout_marginBottom="4.0dip">
				<com.whatsapp.settings.SettingsRowIconText android:id="@id/faq_preference" android:layout_width="fill_parent" android:layout_height="wrap_content" app:settingsRowIconTextIcon="@drawable/ic_settings_help" app:settingsRowIconTextText="@string/settings_faq" style="?settingsRowIconText" />
			</LinearLayout>
		</LinearLayout>
		<LinearLayout android:paddingLeft="2.0dip" android:paddingTop="2.0dip" android:paddingRight="2.0dip" android:paddingBottom="2.0dip" android:layout_width="fill_parent" android:layout_height="wrap_content">
			<LinearLayout android:background="@drawable/card_background" android:layout_width="fill_parent" android:layout_height="wrap_content" android:layout_marginLeft="4.0dip" android:layout_marginTop="4.0dip" android:layout_marginRight="4.0dip" android:layout_marginBottom="4.0dip">
				<com.whatsapp.settings.SettingsRowIconText android:id="@id/contact_us_preference" android:layout_width="fill_parent" android:layout_height="wrap_content" app:settingsRowIconTextIcon="@drawable/ic_settings_contacts" app:settingsRowIconTextSubText="@string/contact2" app:settingsRowIconTextText="@string/contact1" style="?settingsRowIconText" />
			</LinearLayout>
		</LinearLayout>
		<LinearLayout android:paddingLeft="2.0dip" android:paddingTop="2.0dip" android:paddingRight="2.0dip" android:paddingBottom="2.0dip" android:layout_width="fill_parent" android:layout_height="wrap_content">
			<LinearLayout android:background="@drawable/card_background" android:layout_width="fill_parent" android:layout_height="wrap_content" android:layout_marginLeft="4.0dip" android:layout_marginTop="4.0dip" android:layout_marginRight="4.0dip" android:layout_marginBottom="4.0dip">
				<com.whatsapp.settings.SettingsRowIconText android:id="@id/terms_and_privacy_preference" android:layout_width="fill_parent" android:layout_height="wrap_content" app:settingsRowIconTextIcon="@drawable/ic_settings_terms_policy" app:settingsRowIconTextText="@string/settings_terms_and_privacy_policy" style="?settingsRowIconText" />
			</LinearLayout>
		</LinearLayout>
		<LinearLayout android:paddingLeft="2.0dip" android:paddingTop="2.0dip" android:paddingRight="2.0dip" android:paddingBottom="2.0dip" android:layout_width="fill_parent" android:layout_height="wrap_content">
			<LinearLayout android:background="@drawable/card_background" android:layout_width="fill_parent" android:layout_height="wrap_content" android:layout_marginLeft="4.0dip" android:layout_marginTop="4.0dip" android:layout_marginRight="4.0dip" android:layout_marginBottom="4.0dip">
				<com.whatsapp.settings.SettingsRowIconText android:id="@id/about_preference" android:layout_width="fill_parent" android:layout_height="wrap_content" app:settingsRowIconTextIcon="@drawable/ic_settings_info" app:settingsRowIconTextText="@string/settings_about" style="?settingsRowIconText" />
			</LinearLayout>
		</LinearLayout>
	</LinearLayout>
</ScrollView>
