<string name="video_incoming_call">Incoming video call</string>
<string name="incoming_group_video_call">Incoming group video call</string>
<string name="opench">New chat</string>
<string name="SamAR">Anti Revoke</string>
<string name="SamARsum">Prevent messages from getting deleted even if the sender deletes it.</string>
<string name="SamBOR">Blue tick on Reply</string>
<string name="SamBORsum">Show blue tick to contact only after you reply.</string>
<string name="SamGeneral">Global</string>
<string name="SamHideCompose">Hide typing...</string>
<string name="SamHideComposeSum">"Don't tell the sender that you are typing a message"</string>
<string name="SamHidePlay">Hide blue microphone</string>
<string name="SamHidePlaySumB">"Don't tell the broadcast sender that you have played the audio message"</string>
<string name="SamHidePlaySumC">"Don't tell the sender that you played the audio message"</string>
<string name="SamHidePlaySumG">"Don't tell the group that you have played the audio message"</string>
<string name="SamHideRead">Hide blue ticks</string>
<string name="SamHideReadSumB">"Don't tell the broadcast sender that you have read the message"</string>
<string name="SamHideReadSumC">"Don't tell the sender that you have read the message"</string>
<string name="SamHideReadSumG">"Don't tell the group that you have read the messages"</string>
<string name="SamHideReceipt">Hide second tick</string>
<string name="SamHideReceiptSumB">"Don't tell the broadcast sender that you have the message (I don't recommend it, you receive new messages probably later)"</string>
<string name="SamHideReceiptSumC">"Don't tell the sender that you have received the message (I don't recommend it, you receive new messages probably later)"</string>
<string name="SamHideReceiptSumG">"Don't tell the group that you have received the message (I don't recommend it, you receive new messages probably later)"</string>
<string name="SamHideRecord">Hide recording...</string>
<string name="SamHideRecordSum">"Don't tell the sender that you are recording a voice message"</string>
<string name="SamHideSeen">Hide Last Seen</string>
<string name="SamHideSeenSum">"Pause your last seen.(Note: You will not be able to see your contact's last seen as well)."</string>
<string name="Samcontacts">Contacts</string>
<string name="privacy">Privacy</string>
<string name="CPrivacy">Custom Privacy</string>
<string name="mediadownload">Download this status</string>
<string name="textcopy">Copy this status</string>
<string name="update">Canal no YouTube</string>
<string name="mywebsite">Website</string>
<string name="DisableFwd">Disable Forwarded</string>
<string name="DisableFwdS">Allows you to re-send messages without Forwarded tag</string>