<?xml version="1.0" encoding="utf-8"?>
<resources>
<string name="Cancel_chating">Cancelar</string>
<string name="DisableAudioHeads">Deshabilitar la notificación de reproducción de audio</string>
<string name="DisableAudioHeadsS">Eliminar notificación al reproducir notas de voz / audio.</string>
<string name="DisableFwd">Ocultar etiqueta de reenvío</string>
<string name="DisableFwdS">Le permite reenviar mensajes y medios sin mostrar la etiqueta de reenvío.</string>
<string name="DisableRToast">Deshabilitar el brindis por mensaje eliminado</string>
<string name="DisableRToastSum">Desactivar el brindis que muestra que se ha eliminado un mensaje.</string>
<string name="KodaykBroadcasts">Transmisiones</string>
<string name="KodaykContacts">Contactos</string>
<string name="KodaykAR">No borrar mensajes</string>
<string name="KodaykAR_status">Anti borrar estados</string>
<string name="KodaykAR_statusSum">Le permite ver los estados incluso después de borradas.</string>
<string name="KodaykBOR">Marcas azules después de la respuesta.</string>
<string name="KodaykBORsum">Las marcas azules serán visibles para los contactos solo después de que responda a los mensajes.</string>
<string name="Kodaykcopy_status">Estado de copia</string>
<string name="KodaykGroups">Grupos</string>
<string name="KodaykHideCompose">Ocultar escribiendo...</string>
<string name="KodaykHideComposeSum">No se mostrará cuando esté escribiendo un mensaje.</string>
<string name="KodaykHidePlay">Ocultar micrófono azul</string>
<string name="KodaykHidePlaySumB">Los contactos de la lista de transmisión no sabrán que ha tocado las notas de voz.</string>
<string name="KodaykHidePlaySumC">Los contactos no sabrán que ha tocado las notas de voz.</string>
<string name="KodaykHidePlaySumG">Los miembros del grupo no sabrán que ha reproducido el audio.</string>
<string name="KodaykHideRead">Ocultar marcas azules</string>
<string name="KodaykHideReadSumB">Los contactos de la lista de transmisión no sabrán que has visto los mensajes.</string>
<string name="KodaykHideReadSumC">Los contactos no sabrán que has visto los mensajes.</string>
<string name="KodaykHideReadSumG">Los miembros del grupo no sabrán que has visto las publicaciones.</string>
<string name="KodaykHideReceipt">Ocultar la segunda marca</string>
<string name="KodaykHideReceiptSumB">Los contactos de las listas de reproducción no sabrán que ha recibido los mensajes. (puede causar retrasos en los mensajes).</string>
<string name="KodaykHideReceiptSumC">Los contactos no sabrán que recibió los mensajes. (puede causar retrasos en los mensajes).</string>
<string name="KodaykHideReceiptSumG">Los miembros del grupo no sabrán que recibió los mensajes. (puede causar retrasos en los mensajes).</string>
<string name="KodaykHideRecord">Ocultar grabación...</string>
<string name="KodaykHideRecordSum">No mostrar cuando está grabando audio.</string>
<string name="KodaykHideSeen">Congelar visto por última vez</string>
<string name="KodaykHideSeenSum">Congela tu última visa (no podrás ver la última visa y la de otros usuarios en línea).</string>
<string name="KodaykRevoke">No borrar</string>
<string name="Kodayksave_status">Guardar Estados</string>
<string name="KodaykUniversal">Universal</string>
<string name="HideViewStatus">Ocultar vista de estado</string>
<string name="HideViewStatusSum">No mostrará sus contactos cuando vea su estado.</string>
<string name="image_resolution_mod">Imágenes de alta resolución</string>
<string name="image_resolution_sum">Envía imágenes de alta resolución.</string>
<string name="image_settings">Imagenes y videos</string>
<string name="image_settings_sum">Configuración de resolución de imagen y video.</string>
<string name="image_size_mod">Imagen de tamaño completo</string>
<string name="image_size_sum">Enviar imágenes en tamaño original.</string>
<string name="mb_limit">Limite el envío de audios y videos</string>
<string name="mb_limit_sum">Limite de mb ao enviar vídeos e áudios.</string>
<string name="media_settings">Configuración de medios</string>
<string name="media_audio_mod">Audios</string>
<string name="media_disable_sensor">Activar sensor de proximidad</string>
<string name="media_disable_sensor_sum">Habilitado por defecto. Si lo desactiva, los audios se escucharán a través del altavoz.</string>
<string name="msg_unsaved_number">Mensaje a número no guardado</string>
<string name="msg_unsaved_sum">Ingrese un número no guardado aquí para iniciar una conversación.</string>
<string name="New_chating">Mensaje</string>
<string name="opnewchat">Nueva conversación</string>
<string name="privacy_calls">Privacidad de llamadas</string>
<string name="privacy_calls_advanced">Configuraciones avanzadas</string>
<string name="privacy_calls_declined_types">Muestra que te negaste</string>
<string name="privacy_calls_no_answer_types">Demuestre que no respondió</string>
<string name="privacy_calls_options">¿Quien me puede llámarme?</string>
<string name="privacy_calls_sum">Deshabilite las llamadas de voz/video.</string>
<string name="PrivacyReseted">Todas las configuraciones de privacidad se han restablecido a las predeterminadas.</string>
<string name="privacy_title">Privacidad</string>
<string name="ResetC">Restabelecer</string>
<string name="ResetPriv">Restablecer privacidad</string>
<string name="ResetPrivSum">Restablecer la configuración de privacidad.</string>
<string name="status_limit_mod">Subir videos de más de 30 segundos</string>
<string name="status_limit_sum">Solo los usuarios que tengan esta opción habilitada podrán ver videos más largos.</string>
<string name="status_resolution_mod">Alta calidad en estados</string>
<string name="status_resolution_sum">Enviar estado de alta calidad.</string>
<string name="status_settings">Configuración de estado</string>
<string name="wa_crash">¡Vaya! Fallé, pero se envió un informe a mi desarrollador para ayudar a solucionar el problema.</string>
<string name="kdy_copy_status_toast">Estado copiado correctamente.</string>
<string name="kdy_anti_view_once">Anti View-Once</string>
<string name="kdy_anti_view_once_sum">Los mensajes de View Once no se le borrarán</string>
<string name="KodaykARsum">Le permite ver los mensajes incluso después de borradas.</string>
</resources>