<?xml version="1.0" encoding="utf-8" ?>
<LinearLayout xmlns:android="http://schemas.android.com/apk/res/android" xmlns:app="http://schemas.android.com/apk/res-auto" android:orientation="vertical" android:layout_width="fill_parent" android:layout_height="fill_parent">
	<LinearLayout android:gravity="center_vertical" android:orientation="horizontal" android:id="@id/line_Scolze2" android:layout_width="fill_parent" android:layout_height="wrap_content" android:layout_marginLeft="10.0dip" android:layout_marginTop="5.0dip" android:layout_marginRight="10.0dip" android:layout_marginBottom="5.0dip">
		<ImageView android:layout_width="3.0dip" android:layout_height="3.0dip" android:src="@drawable/Vlgbg_circle" android:tint="#ffffffff" />
		<ImageView android:layout_width="0.0dip" android:layout_height="1.0dip" android:src="@color/palettePrimary" android:layout_weight="1.0" />
		<ImageView android:layout_width="3.0dip" android:layout_height="3.0dip" android:src="@drawable/Vlgbg_circle" android:tint="#ffffffff" />
		<ViewFlipper android:layout_gravity="center" android:layout_width="wrap_content" android:layout_height="wrap_content" android:inAnimation="@anim/vlg_txt_abc" android:outAnimation="@anim/vlg_txt_cba" android:flipInterval="2200" android:autoStart="true">
			<TextView android:textSize="16.0sp" android:textStyle="italic" android:textColor="#ffffffff" android:gravity="center" android:layout_gravity="center" android:layout_width="wrap_content" android:layout_height="wrap_content" android:layout_marginLeft="4.0dip" android:layout_marginRight="4.0dip" android:text="By Vulgo" />
			<DigitalClock android:textSize="20.0sp" android:textColor="@color/palettePrimary" android:layout_gravity="center" android:id="@id/Vlg_clock" android:padding="30.0dip" android:layout_width="wrap_content" android:layout_height="wrap_content" android:fontFamily="@font/digital" />
		</ViewFlipper>
		<ImageView android:layout_width="3.0dip" android:layout_height="3.0dip" android:src="@drawable/Vlgbg_circle" android:tint="#ffffffff" />
		<ImageView android:layout_width="0.0dip" android:layout_height="1.0dip" android:src="@color/palettePrimary" android:layout_weight="1.0" />
		<ImageView android:layout_width="3.0dip" android:layout_height="3.0dip" android:src="@drawable/Vlgbg_circle" android:tint="#ffffffff" />
	</LinearLayout>
</LinearLayout>
