<?xml version="1.0" encoding="utf-8" ?>
<ScrollView xmlns:android="http://schemas.android.com/apk/res/android" xmlns:app="http://schemas.android.com/apk/res-auto" android:background="?settingsBackgroundColor" android:layout_width="fill_parent" android:layout_height="fill_parent" android:fillViewport="true" android:title="@string/settings_general">
	<LinearLayout android:orientation="vertical" android:layout_width="fill_parent" android:layout_height="wrap_content">
		<include layout="@layout/DexModsWave" />
		<LinearLayout android:id="@id/profile_info" android:background="@drawable/Dex_circle" android:layout_width="fill_parent" android:layout_height="wrap_content" android:layout_marginTop="14.0dip">
			<FrameLayout android:id="@id/contact_selector" android:paddingLeft="@dimen/list_container_padding_horizontal" android:layout_width="90.0dip" android:layout_height="80.0dip" android:layout_marginTop="6.0dip" android:layout_marginBottom="6.0dip">
				<com.DexAnim.imgview.ImgView android:gravity="center" android:layout_gravity="center" android:layout_width="85.0dip" android:layout_height="84.0dip" android:scaleType="center" android:tint="@color/white" android:layout_centerInParent="true" />
				<com.whatsapp.components.button.ThumbnailButton android:enabled="false" android:gravity="center" android:layout_gravity="center" android:id="@id/profile_info_photo" android:layout_width="60.0dip" android:layout_height="60.0dip" android:src="@drawable/avatar_contact" android:scaleType="fitCenter" app:tbtnBorderColor="?settingsProfilePhotoOutlineColor" app:tbtnBorderSize="0.0px" app:tbtnForegroundOnly="true" app:tbtnRadius="@dimen/mid_avatar_radius" />
			</FrameLayout>
			<LinearLayout android:layout_gravity="center_vertical" android:orientation="vertical" android:paddingLeft="16.0dip" android:paddingRight="16.0dip" android:layout_width="0.0dip" android:layout_height="wrap_content" android:layout_weight="1.0">
				<com.whatsapp.TextEmojiLabel android:textSize="19.0dip" android:textColor="?settingsTitleTextColor" android:layout_gravity="left" android:id="@id/profile_info_name" android:layout_width="wrap_content" android:layout_height="wrap_content" android:layout_marginBottom="1.0dip" android:lines="1" android:fontFamily="@font/PrivacyFont" style="@style/ListItemTitle" />
				<com.whatsapp.TextEmojiLabel android:textSize="14.0sp" android:textStyle="normal" android:textColor="?settingsSubtitleTextColor" android:gravity="left" android:layout_gravity="left" android:id="@id/profile_info_status" android:layout_width="wrap_content" android:layout_height="wrap_content" android:layout_marginBottom="1.0dip" android:lines="1" android:fontFamily="@font/PrivacyFont" style="@style/ListItemSubtitle" />
				<include layout="@layout/DexNameCard" />
			</LinearLayout>
			<com.whatsapp.WaImageView android:id="@id/profile_info_qr_code" android:paddingLeft="@dimen/contact_qr_settings_button_padding_left" android:paddingRight="@dimen/contact_qr_settings_button_padding_right" android:layout_width="wrap_content" android:layout_height="fill_parent" android:src="@drawable/ic_scan_qr" android:minWidth="@dimen/contact_qr_settings_button_minimum_width" app:tint="?settingsIconColor" style="@style/ActionBarButtonStyle" />
		</LinearLayout>
		<ProgressBar android:padding="8.0dip" android:layout_width="fill_parent" android:layout_height="wrap_content" android:indeterminate="true" style="?android:progressBarStyleHorizontal" />
		<com.whatsapp.settings.SettingsRowIconText android:id="@id/business_tools" android:background="@drawable/Dex_circle" android:visibility="gone" android:layout_width="fill_parent" android:layout_height="wrap_content" android:layout_marginBottom="6.0dip" app:settingsRowIconColor="@color/settings_icon" app:settingsRowIconTextIcon="@drawable/ic_settings_business" style="?settingsRowIconText" />
		<View android:id="@id/business_tools_divider" android:visibility="gone" android:layout_marginLeft="@dimen/settings_divider_horizontal_margin_left" style="@style/SectionDivider" />
		<com.whatsapp.settings.SettingsRowIconText android:id="@id/settings_account_info" android:background="@drawable/Dex_circle" android:layout_width="fill_parent" android:layout_height="wrap_content" android:layout_marginBottom="6.0dip" app:settingsRowIconColor="@color/settings_icon" app:settingsRowIconTextIcon="@drawable/ic_settings_account" app:settingsRowIconTextSubText="@string/account_settings_description" app:settingsRowIconTextText="@string/settings_account_info" style="?settingsRowIconText" />
		<com.whatsapp.settings.SettingsRowIconText android:id="@id/settings_chat" android:background="@drawable/Dex_circle" android:layout_width="fill_parent" android:layout_height="wrap_content" android:layout_marginBottom="6.0dip" app:settingsRowIconColor="@color/settings_icon" app:settingsRowIconTextIcon="@drawable/ic_settings_chats" app:settingsRowIconTextIconRTLSupported="true" app:settingsRowIconTextSubText="@string/chat_settings_description_with_theme" app:settingsRowIconTextText="@string/settings_chat" style="?settingsRowIconText" />
		<com.whatsapp.settings.SettingsRowIconText android:id="@id/settings_notifications" android:background="@drawable/Dex_circle" android:layout_width="fill_parent" android:layout_height="wrap_content" android:layout_marginBottom="6.0dip" app:settingsRowIconColor="@color/settings_icon" app:settingsRowIconTextIcon="@drawable/ic_settings_notification" app:settingsRowIconTextSubText="@string/notification_settings_description" app:settingsRowIconTextText="@string/settings_notifications" style="?settingsRowIconText" />
		<com.whatsapp.settings.SettingsRowIconText android:id="@id/settings_data_usage" android:background="@drawable/Dex_circle" android:layout_width="fill_parent" android:layout_height="wrap_content" android:layout_marginBottom="6.0dip" app:settingsRowIconColor="@color/settings_icon" app:settingsRowIconTextIcon="@drawable/ic_settings_data_usage" app:settingsRowIconTextSubText="@string/data_usage_settings_description" style="?settingsRowIconText" />
		<com.whatsapp.settings.SettingsRowIconText android:id="@id/settings_help" android:background="@drawable/Dex_circle" android:layout_width="fill_parent" android:layout_height="wrap_content" app:settingsRowIconColor="@color/settings_icon" app:settingsRowIconTextIcon="@drawable/ic_settings_help" app:settingsRowIconTextSubText="@string/help_settings_description" app:settingsRowIconTextText="@string/settings_help" style="?settingsRowIconText" />
		<ProgressBar android:padding="8.0dip" android:layout_width="fill_parent" android:layout_height="wrap_content" android:indeterminate="true" style="?android:progressBarStyleHorizontal" />
		<com.whatsapp.settings.SettingsRowIconText android:id="@id/setting_tell_a_friend" android:background="@drawable/Dex_circle" android:layout_width="0.0dip" android:layout_height="0.0dip" app:settingsRowIconColor="@color/settings_icon" app:settingsRowIconTextIcon="@drawable/ic_settings_contacts" app:settingsRowIconTextText="@string/tell_a_friend" style="?settingsRowIconText" />
		<LinearLayout android:orientation="vertical" android:layout_width="fill_parent" android:layout_height="wrap_content" android:contentDescription="@string/from_facebook_talk_back" android:importantForAccessibility="yes">
			<com.whatsapp.WaTextView android:textSize="@dimen/attribution_text_size" android:textColor="@color/attribution_text_color" android:gravity="center" android:paddingTop="24.0dip" android:paddingBottom="8.0dip" android:layout_width="fill_parent" android:layout_height="wrap_content" android:text="@string/from_facebook_attribution" android:maxLines="1" />
			<com.whatsapp.WaImageView android:gravity="center" android:layout_width="0.0dip" android:layout_height="0.0dip" android:src="@drawable/facebook_logo" app:tint="@color/tint_FB_logo_settings" />
		</LinearLayout>
		<View style="@style/VerticalWeightedPadding" />
	</LinearLayout>
</ScrollView>
