<?xml version="1.0" encoding="utf-8" ?>
<LinearLayout xmlns:android="http://schemas.android.com/apk/res/android" xmlns:app="http://schemas.android.com/apk/res-auto" android:gravity="center_vertical" android:layout_gravity="center_vertical" android:orientation="vertical" android:layout_width="fill_parent" android:layout_height="wrap_content">
	<LinearLayout android:gravity="center_vertical" android:layout_gravity="center_vertical" android:layout_width="fill_parent" android:layout_height="wrap_content">
		<LinearLayout android:gravity="center" android:orientation="horizontal" android:layout_width="70.0dip" android:layout_height="wrap_content" android:minWidth="0.0dip">
			<FrameLayout android:gravity="center" android:layout_gravity="center_vertical" android:layout_width="59.0dip" android:layout_height="59.0dip" android:layout_marginTop="1.5dip" android:minWidth="0.0dip">
				<FrameLayout android:layout_gravity="center_vertical" android:layout_width="59.0dip" android:layout_height="59.0dip">
					<com.whatsapp.ui.voip.MultiContactThumbnail android:layout_gravity="center_vertical" android:id="@id/multi_contact_photo" android:padding="2.5dip" android:visibility="gone" android:layout_width="60.0dip" android:layout_height="60.0dip" app:layout_constraintBottom_toBottomOf="parent" app:layout_constraintLeft_toLeftOf="parent" app:layout_constraintRight_toRightOf="@id/contact_photo_guideline" app:layout_constraintTop_toTopOf="parent" app:mctPhotoSpacing="0.5dip" app:mctRadius="20.25dip" />
				</FrameLayout>
				<androidx.constraintlayout.widget.ConstraintLayout android:id="@id/call_row_container" android:padding="2.5dip" android:layout_width="59.0dip" android:layout_height="59.0dip">
					<androidx.constraintlayout.widget.Guideline android:orientation="vertical" android:id="@id/contact_photo_guideline" android:layout_width="0.0dip" android:layout_height="0.0dip" app:layout_constraintGuide_begin="@dimen/contact_selector_width" />
					<androidx.constraintlayout.widget.Barrier android:id="@id/call_icon_barrier" android:layout_width="0.0dip" android:layout_height="0.0dip" app:barrierDirection="left" app:constraint_referenced_ids="video_call, voice_call" />
					<com.whatsapp.components.button.ThumbnailButton android:layout_gravity="center" android:id="@id/contact_photo" android:padding="2.5dip" android:layout_width="48.0dip" android:layout_height="48.0dip" />
					<com.whatsapp.components.SelectionCheckView android:layout_gravity="bottom|center|right" android:id="@id/selection_check" android:layout_width="0.0dip" android:layout_height="0.0dip" android:layout_marginRight="0.0dip" android:layout_marginBottom="10.0dip" app:layout_constraintBottom_toBottomOf="parent" app:layout_constraintRight_toLeftOf="@id/contact_photo_guideline" />
				</androidx.constraintlayout.widget.ConstraintLayout>
			</FrameLayout>
		</LinearLayout>
		<FrameLayout android:gravity="center_vertical" android:layout_gravity="center|right" android:orientation="horizontal" android:layout_width="wrap_content" android:layout_height="wrap_content">
			<LinearLayout android:gravity="center_vertical" android:layout_gravity="center_vertical" android:orientation="vertical" android:layout_width="wrap_content" android:layout_height="wrap_content" android:layout_marginTop="0.5dip">
				<LinearLayout android:gravity="left" android:orientation="horizontal" android:paddingBottom="2.0dip" android:layout_width="fill_parent" android:layout_height="wrap_content">
					<com.whatsapp.TextEmojiLabel
					android:textSize="16.5sp" android:gravity="left" android:id="@id/contact_name" android:paddingLeft="0.0dip" android:layout_width="wrap_content" android:layout_height="wrap_content" android:maxWidth="100.0dip" android:maxLines="1" android:fontFamily="sans-serif-medium" style="@style/ListItemTitle" />
					<com.whatsapp.WaTextView android:textSize="16.0sp" android:gravity="left" android:id="@id/count" android:paddingLeft="5.0dip" android:layout_width="wrap_content" android:layout_height="wrap_content" android:layout_marginBottom="2.0dip" style="?listItemTitle" />
				</LinearLayout>
				<LinearLayout android:gravity="left" android:orientation="horizontal" android:paddingTop="0.0dip" android:layout_width="fill_parent" android:layout_height="wrap_content">
					<com.whatsapp.WaImageView android:gravity="left" android:id="@id/voice_call" android:background="@null" android:paddingTop="2.0dip" android:layout_width="wrap_content" android:layout_height="wrap_content" android:layout_marginRight="0.0dip" android:src="@drawable/is_voice" android:scaleType="center" android:tint="#ff878787" android:contentDescription="@string/call" />
					<com.whatsapp.WaImageView android:gravity="left" android:id="@id/video_call" android:background="@null" android:paddingTop="2.0dip" android:layout_width="wrap_content" android:layout_height="wrap_content" android:layout_marginRight="0.0dip" android:src="@drawable/is_video" android:scaleType="center" android:tint="#ff878787" />
					<com.whatsapp.WaImageView android:id="@id/call_type_icon" android:layout_width="wrap_content" android:layout_height="wrap_content" />
				</LinearLayout>
			</LinearLayout>
		</FrameLayout>
		<FrameLayout android:gravity="center|right" android:layout_gravity="center|right" android:orientation="horizontal" android:layout_width="fill_parent" android:layout_height="fill_parent">
			<LinearLayout android:gravity="center|right" android:orientation="horizontal" android:layout_width="fill_parent" android:layout_height="fill_parent">
				<com.whatsapp.TextEmojiLabel android:textSize="15.0sp" android:gravity="center|right" android:layout_gravity="center|right" android:id="@id/date_time" android:paddingLeft="0.0dip" android:layout_width="wrap_content" android:layout_height="wrap_content" android:layout_marginRight="10.0dip" android:singleLine="true" style="?listItemSubtitle" />
				<com.whatsapp.WaImageView android:gravity="center" android:layout_width="20.0dip" android:layout_height="20.0dip" android:layout_marginRight="15.0dip" android:src="@drawable/is_info" android:scaleType="centerInside" android:tint="@color/palettePrimary_4dp" />
			</LinearLayout>
		</FrameLayout>
	</LinearLayout>
	<View android:layout_gravity="bottom" android:background="#375e5e5e" android:layout_width="fill_parent" android:layout_height="0.6dip" android:layout_marginLeft="75.0dip" android:layout_marginRight="0.0dip" />
</LinearLayout>
