<?xml version="1.0" encoding="utf-8" ?>
<LinearLayout xmlns:android="http://schemas.android.com/apk/res/android" android:gravity="center_vertical" android:orientation="horizontal" android:id="@id/group_chat_info_layout" android:background="@color/primary_surface" android:paddingLeft="@dimen/small_list_avatar_padding" android:paddingRight="@dimen/list_row_padding" android:clipChildren="false" android:layout_width="fill_parent" android:layout_height="@dimen/small_list_row_height">
	<com.whatsapp.WaImageView android:id="@id/avatar" style="@style/ContactPhoto.SmallList" />
	<LinearLayout android:orientation="vertical" android:clipChildren="false" android:layout_width="0.0dip" android:layout_height="wrap_content" android:layout_weight="1.0">
		<LinearLayout android:gravity="center_vertical" android:orientation="horizontal" android:clipChildren="false" android:layout_width="fill_parent" android:layout_height="wrap_content">
			<LinearLayout android:orientation="horizontal" android:layout_width="0.0dip" android:layout_height="wrap_content" android:layout_weight="1.0">
				<com.whatsapp.TextEmojiLabel android:layout_gravity="start" android:id="@id/name" android:layout_width="wrap_content" android:layout_height="wrap_content" style="@style/ListItemTitle" />
			</LinearLayout>
			<com.whatsapp.TextEmojiLabel android:gravity="center" android:id="@id/counter" android:text="\?" style="@style/TextGroupAdmin" />
			<com.whatsapp.WaTextView android:layout_gravity="end" android:id="@id/owner" android:visibility="gone" android:layout_width="wrap_content" android:layout_height="wrap_content" android:layout_marginLeft="8.0dip" style="@style/GroupMemberStatus.Admin" />
		</LinearLayout>
		<LinearLayout android:gravity="right" android:orientation="horizontal" android:clipChildren="false" android:layout_width="fill_parent" android:layout_height="wrap_content">
			<com.whatsapp.TextEmojiLabel android:textSize="@dimen/list_item_subtitle_size" android:textColor="@color/ui_refresh_contact_info_subtitle" android:gravity="left" android:layout_gravity="left" android:id="@id/status" android:layout_width="0.0dip" android:layout_height="wrap_content" android:layout_weight="1.0" style="@style/ListItemSubtitleSmall" />
			<com.whatsapp.TextEmojiLabel android:textAppearance="@style/TextAppearance.ContactPushName" android:id="@id/push_name" android:visibility="gone" android:layout_width="wrap_content" android:layout_height="wrap_content" />
		</LinearLayout>
	</LinearLayout>
</LinearLayout>
