<?xml version="1.0" encoding="utf-8" ?>
<LinearLayout xmlns:android="http://schemas.android.com/apk/res/android" xmlns:app="http://schemas.android.com/apk/res-auto" android:orientation="vertical" android:layout_width="fill_parent" android:layout_height="fill_parent">
	<LinearLayout android:orientation="vertical" android:id="@id/linear1" android:background="@drawable/rc_backgroundpng" android:padding="8.0dip" android:layout_width="fill_parent" android:layout_height="fill_parent">
		<LinearLayout android:gravity="center" android:layout_gravity="center_horizontal" android:orientation="horizontal" android:id="@id/linear2" android:background="#ffffffff" android:padding="8.0dip" android:layout_width="360.0dip" android:layout_height="60.0dip" android:layout_marginTop="60.0dip">
			<TextView android:textSize="20.0sp" android:textStyle="bold|italic" android:textColor="#ff304ffe" android:gravity="center" android:id="@id/textview1" android:padding="8.0dip" android:layout_width="fill_parent" android:layout_height="fill_parent" android:text="MP3 PLAYER" />
		</LinearLayout>
		<LinearLayout android:gravity="center" android:layout_gravity="center_horizontal" android:orientation="vertical" android:id="@id/linear3" android:background="#ffffffff" android:layout_width="335.0dip" android:layout_height="335.0dip" android:layout_marginTop="40.0dip">
			<ImageView android:id="@id/imageview1" android:layout_width="320.0dip" android:layout_height="320.0dip" android:src="@drawable/rcpngsgsgsgsg_1" android:scaleType="fitCenter" />
		</LinearLayout>
		<LinearLayout android:gravity="center" android:layout_gravity="center_horizontal" android:orientation="horizontal" android:id="@id/linear5" android:background="#ffffffff" android:padding="8.0dip" android:layout_width="360.0dip" android:layout_height="wrap_content" android:layout_marginTop="40.0dip">
			<TextView android:textSize="12.0sp" android:textStyle="bold" android:textColor="#ff000000" android:id="@id/textview2" android:padding="8.0dip" android:layout_width="wrap_content" android:layout_height="wrap_content" android:text="Song Name" />
		</LinearLayout>
		<LinearLayout android:gravity="center" android:layout_gravity="center_horizontal" android:orientation="horizontal" android:id="@id/linear4" android:background="#ffffffff" android:padding="8.0dip" android:layout_width="360.0dip" android:layout_height="60.0dip" android:layout_marginTop="30.0dip">
			<Button android:textSize="12.0sp" android:textStyle="bold" android:textColor="#ff304ffe" android:id="@id/button1" android:padding="8.0dip" android:layout_width="wrap_content" android:layout_height="fill_parent" android:layout_marginRight="40.0dip" android:text="PLAY" />
			<Button android:textSize="12.0sp" android:textStyle="bold" android:textColor="#ff304ffe" android:id="@id/button2" android:padding="8.0dip" android:layout_width="wrap_content" android:layout_height="wrap_content" android:layout_marginLeft="40.0dip" android:text="PAUSE" />
		</LinearLayout>
		<TextView android:textSize="12.0sp" android:textColor="#ff304ffe" android:layout_gravity="center_horizontal" android:id="@id/textview3" android:padding="8.0dip" android:layout_width="wrap_content" android:layout_height="wrap_content" android:layout_marginTop="75.0dip" android:text="KATANA MODS" />
	</LinearLayout>
</LinearLayout>
