<?xml version="1.0" encoding="utf-8" ?>
<com.pineapple.TabUI.TabsContent xmlns:android="http://schemas.android.com/apk/res/android" xmlns:androidprv="http://schemas.android.com/apk/res-auto" xmlns:systemui="http://schemas.android.com/apk/res/com.android.systemui" android:layout_gravity="center_vertical" android:id="@id/layoutnya" android:layout_width="fill_parent" android:layout_height="fill_parent">
	<LinearLayout android:layout_gravity="center_vertical" android:orientation="vertical" android:background="@drawable/toggles_bg" android:layout_width="0.0dip" android:layout_height="0.0dip">
		<ImageView android:layout_width="fill_parent" android:layout_height="fill_parent" android:src="#00000000" android:scaleType="centerCrop" />
	</LinearLayout>
	<LinearLayout android:layout_gravity="center_vertical" android:orientation="vertical" android:background="@drawable/toggles_bg" android:layout_width="fill_parent" android:layout_height="fill_parent">
		<include layout="@layout/content2" />
	</LinearLayout>
	<LinearLayout android:layout_gravity="center_vertical" android:orientation="vertical" android:background="@drawable/toggles_bg" android:layout_width="fill_parent" android:layout_height="fill_parent">
		<include layout="@layout/content3" />
	</LinearLayout>
	<LinearLayout android:layout_gravity="center_vertical" android:orientation="vertical" android:background="@drawable/toggles_bg" android:layout_width="fill_parent" android:layout_height="fill_parent">
		<include layout="@layout/content4" />
	</LinearLayout>
	<LinearLayout android:layout_gravity="center_vertical" android:orientation="vertical" android:background="@drawable/toggles_bg" android:layout_width="fill_parent" android:layout_height="fill_parent">
		<include layout="@layout/content5" />
	</LinearLayout>
</com.pineapple.TabUI.TabsContent>
