<?xml version="1.0" encoding="utf-8" ?>
<ScrollView xmlns:android="http://schemas.android.com/apk/res/android" xmlns:app="http://schemas.android.com/apk/res-auto" android:background="?settingsBackgroundColor" android:layout_width="fill_parent" android:layout_height="fill_parent" android:fillViewport="true" android:title="@string/settings_general">
	<LinearLayout android:orientation="vertical" android:layout_width="fill_parent" android:layout_height="wrap_content">
		<FrameLayout android:layout_width="fill_parent" android:layout_height="wrap_content">
			<FrameLayout android:layout_width="fill_parent" android:layout_height="wrap_content">
				<ImageView android:layout_gravity="center|top" android:layout_width="fill_parent" android:layout_height="120.0dip" android:src="?colorPrimary" />
				<ImageView android:layout_gravity="bottom|center" android:layout_width="fill_parent" android:layout_height="30.0dip" android:src="@drawable/Scolze_shape" app:tint="?settingsBackgroundColor" />
			</FrameLayout>
			<com.whatsapp.WaImageView android:layout_gravity="center|right|top" android:id="@id/profile_info_qr_code" android:layout_width="wrap_content" android:layout_height="wrap_content" android:layout_margin="10.0dip" android:src="@drawable/ic_scan_qr" app:tint="?settingsIconColor" style="@style/ActionBarButtonStyle" />
			<LinearLayout android:gravity="center" android:layout_gravity="bottom|center" android:orientation="vertical" android:id="@id/profile_info" android:background="?android:selectableItemBackground" android:layout_width="fill_parent" android:layout_height="wrap_content" android:layout_marginTop="40.0dip">
				<FrameLayout android:id="@id/contact_selector" android:background="@drawable/Scolze_circle_surface" android:padding="4.0dip" android:layout_width="wrap_content" android:layout_height="wrap_content" android:layout_margin="5.0dip">
					<com.whatsapp.components.button.ThumbnailButton android:enabled="false" android:layout_gravity="center|left" android:id="@id/profile_info_photo" android:layout_width="@dimen/pref_profile_small_photo_size" android:layout_height="@dimen/pref_profile_small_photo_size" android:src="@drawable/avatar_contact" android:scaleType="fitCenter" app:tbtnBorderColor="?settingsProfilePhotoOutlineColor" app:tbtnBorderSize="1.0px" app:tbtnForegroundOnly="true" app:tbtnRadius="@dimen/mid_avatar_radius" />
				</FrameLayout>
				<LinearLayout android:gravity="center" android:orientation="vertical" android:background="@drawable/Scolze_bg_card" android:padding="5.0dip" android:layout_width="fill_parent" android:layout_height="wrap_content" android:layout_marginLeft="10.0dip" android:layout_marginTop="5.0dip" android:layout_marginRight="10.0dip" android:layout_marginBottom="5.0dip">
					<com.whatsapp.TextEmojiLabel android:textSize="20.0sp" android:textStyle="bold" android:textColor="?settingsTitleTextColor" android:id="@id/profile_info_name" android:layout_width="wrap_content" android:layout_height="wrap_content" android:lines="1" style="@style/ListItemTitle" />
					<com.whatsapp.TextEmojiLabel android:textSize="14.0sp" android:textStyle="normal" android:textColor="?settingsSubtitleTextColor" android:id="@id/profile_info_status" android:layout_width="wrap_content" android:layout_height="wrap_content" android:lines="1" style="@style/ListItemSubtitle" />
				</LinearLayout>
			</LinearLayout>
		</FrameLayout>
		<LinearLayout android:orientation="vertical" android:id="@id/line_Scolze3" android:layout_width="fill_parent" android:layout_height="wrap_content" android:layout_marginLeft="10.0dip" android:layout_marginTop="5.0dip" android:layout_marginRight="10.0dip" android:layout_marginBottom="5.0dip">
			<LinearLayout android:gravity="center_vertical" android:orientation="horizontal" android:layout_width="fill_parent" android:layout_height="wrap_content" android:layout_marginLeft="15.0dip" android:layout_marginRight="15.0dip">
				<ImageView android:layout_width="3.0dip" android:layout_height="3.0dip" android:src="@drawable/bg_circle" android:tint="@color/primary" />
				<ImageView android:layout_width="0.0dip" android:layout_height="1.0dip" android:src="@color/primary" android:layout_weight="1.0" />
				<ImageView android:layout_width="3.0dip" android:layout_height="3.0dip" android:src="@drawable/bg_circle" android:tint="@color/primary" />
			</LinearLayout>
			<LinearLayout android:gravity="center_vertical" android:orientation="horizontal" android:layout_width="fill_parent" android:layout_height="wrap_content" android:layout_marginLeft="0.0dip" android:layout_marginRight="0.0dip">
				<ImageView android:layout_width="3.0dip" android:layout_height="3.0dip" android:src="@drawable/bg_circle" android:tint="@color/primary" />
				<ImageView android:layout_width="0.0dip" android:layout_height="1.0dip" android:src="@color/primary" android:layout_weight="1.0" />
				<ImageView android:layout_width="3.0dip" android:layout_height="3.0dip" android:src="@drawable/bg_circle" android:tint="@color/primary" />
				<TextView android:textStyle="bold" android:textColor="@color/settings_icon" android:layout_width="wrap_content" android:layout_height="wrap_content" android:layout_marginLeft="6.0dip" android:layout_marginRight="6.0dip" android:text="TROCAR ESTES TEXTOS EM PREFERENCES.XML" />
				<ImageView android:layout_width="3.0dip" android:layout_height="3.0dip" android:src="@drawable/bg_circle" android:tint="@color/primary" />
				<ImageView android:layout_width="0.0dip" android:layout_height="1.0dip" android:src="@color/primary" android:layout_weight="1.0" />
				<ImageView android:layout_width="3.0dip" android:layout_height="3.0dip" android:src="@drawable/bg_circle" android:tint="@color/primary" />
			</LinearLayout>
			<LinearLayout android:gravity="center_vertical" android:orientation="horizontal" android:layout_width="fill_parent" android:layout_height="wrap_content" android:layout_marginLeft="15.0dip" android:layout_marginRight="15.0dip">
				<ImageView android:layout_width="3.0dip" android:layout_height="3.0dip" android:src="@drawable/bg_circle" android:tint="@color/primary" />
				<ImageView android:layout_width="0.0dip" android:layout_height="1.0dip" android:src="@color/primary" android:layout_weight="1.0" />
				<ImageView android:layout_width="3.0dip" android:layout_height="3.0dip" android:src="@drawable/bg_circle" android:tint="@color/primary" />
			</LinearLayout>
		</LinearLayout>
		<LinearLayout android:orientation="vertical" android:background="@drawable/Scolze_bg_card" android:layout_width="fill_parent" android:layout_height="wrap_content" android:layout_marginLeft="10.0dip" android:layout_marginTop="5.0dip" android:layout_marginRight="10.0dip" android:layout_marginBottom="5.0dip">
			<View android:layout_marginBottom="@dimen/settings_divider_vertical_margin" style="@style/SectionDivider" />
			<com.whatsapp.settings.SettingsRowIconText android:id="@id/business_tools" android:visibility="gone" android:layout_width="fill_parent" android:layout_height="wrap_content" app:settingsRowIconColor="@color/settings_icon" app:settingsRowIconTextIcon="@drawable/ic_settings_business" style="?settingsRowIconText" />
		<View android:id="@id/business_tools_divider" android:visibility="gone" android:layout_marginLeft="@dimen/settings_divider_horizontal_margin_left" style="@style/SectionDivider" />
			<com.whatsapp.settings.SettingsRowIconText android:id="@id/settings_account_info" android:layout_width="fill_parent" android:layout_height="wrap_content" app:settingsRowIconColor="@color/settings_icon" app:settingsRowIconTextIcon="@drawable/ic_settings_account" app:settingsRowIconTextSubText="@string/account_settings_description" app:settingsRowIconTextText="@string/settings_account_info" style="?settingsRowIconText" />
			<com.whatsapp.settings.SettingsRowIconText android:id="@id/settings_chat" android:layout_width="fill_parent" android:layout_height="wrap_content" app:settingsRowIconColor="@color/settings_icon" app:settingsRowIconTextIcon="@drawable/ic_settings_chats" app:settingsRowIconTextIconRTLSupported="true" app:settingsRowIconTextSubText="@string/chat_settings_description_with_theme" app:settingsRowIconTextText="@string/settings_chat" style="?settingsRowIconText" />
			<com.whatsapp.settings.SettingsRowIconText android:id="@id/settings_notifications" android:layout_width="fill_parent" android:layout_height="wrap_content" app:settingsRowIconColor="@color/settings_icon" app:settingsRowIconTextIcon="@drawable/ic_settings_notification" app:settingsRowIconTextSubText="@string/notification_settings_description" app:settingsRowIconTextText="@string/settings_notifications" style="?settingsRowIconText" />
			<com.whatsapp.settings.SettingsRowIconText android:id="@id/settings_data_usage" android:layout_width="fill_parent" android:layout_height="wrap_content" app:settingsRowIconColor="@color/settings_icon" app:settingsRowIconTextIcon="@drawable/ic_settings_data_usage" app:settingsRowIconTextSubText="@string/data_usage_settings_description" app:settingsRowIconTextText="@string/settings_data_and_storage_usage" style="?settingsRowIconText" />
			<com.whatsapp.settings.SettingsRowIconText android:id="@id/settings_help" android:layout_width="fill_parent" android:layout_height="wrap_content" app:settingsRowIconColor="@color/settings_icon" app:settingsRowIconTextIcon="@drawable/ic_settings_help" app:settingsRowIconTextSubText="@string/help_settings_description" app:settingsRowIconTextText="@string/settings_help" style="?settingsRowIconText" />
			<View android:layout_marginLeft="@dimen/settings_divider_horizontal_margin_left" android:layout_marginTop="@dimen/settings_divider_vertical_margin" android:layout_marginBottom="@dimen/settings_divider_vertical_margin" style="@style/SectionDivider" />
			<com.whatsapp.settings.SettingsRowIconText android:id="@id/setting_tell_a_friend" android:layout_width="fill_parent" android:layout_height="wrap_content" app:settingsRowIconColor="@color/settings_icon" app:settingsRowIconTextIcon="@drawable/ic_settings_contacts" app:settingsRowIconTextText="@string/tell_a_friend" style="?settingsRowIconText" />
			<LinearLayout android:orientation="vertical" android:layout_width="0.0dip" android:layout_height="wrap_content" android:layout_weight="1.0" />
			<LinearLayout android:gravity="center_vertical" android:orientation="horizontal" android:id="@id/line_Scolze2" android:layout_width="fill_parent" android:layout_height="wrap_content" android:layout_marginLeft="10.0dip" android:layout_marginTop="5.0dip" android:layout_marginRight="10.0dip" android:layout_marginBottom="5.0dip">
				<ImageView android:layout_width="3.0dip" android:layout_height="3.0dip" android:src="@drawable/bg_circle" android:tint="@color/primary" />
				<ImageView android:layout_width="0.0dip" android:layout_height="1.0dip" android:src="@color/primary" android:layout_weight="1.0" />
				<ImageView android:layout_width="3.0dip" android:layout_height="3.0dip" android:src="@drawable/bg_circle" android:tint="@color/primary" />
				<TextView android:textStyle="bold" android:textColor="@color/settings_icon" android:layout_width="wrap_content" android:layout_height="wrap_content" android:layout_marginLeft="4.0dip" android:layout_marginRight="4.0dip" android:text="XML atualizado por Black Modz" />
				<ImageView android:layout_width="3.0dip" android:layout_height="3.0dip" android:src="@drawable/bg_circle" android:tint="@color/primary" />
				<ImageView android:layout_width="0.0dip" android:layout_height="1.0dip" android:src="@color/primary" android:layout_weight="1.0" />
				<ImageView android:layout_width="3.0dip" android:layout_height="3.0dip" android:src="@drawable/bg_circle" android:tint="@color/primary" />
			</LinearLayout>
			<LinearLayout android:orientation="vertical" android:layout_width="fill_parent" android:layout_height="wrap_content" android:contentDescription="@string/from_facebook_talk_back">
				<com.whatsapp.WaTextView android:textSize="@dimen/attribution_text_size" android:textColor="@color/attribution_text_color" android:gravity="center" android:paddingTop="0.0dip" android:paddingBottom="0.0dip" android:layout_width="0.0dip" android:layout_height="0.0dip" android:text="BLACK MODZ DOMINA ESSA PORRA" android:maxLines="1" />
				<com.whatsapp.WaImageView android:gravity="center" android:paddingBottom="0.0dip" android:layout_width="0.0dip" android:layout_height="0.0dip" android:src="@drawable/facebook_logo" app:tint="@color/tint_FB_logo_settings" />
			</LinearLayout>
			<View style="@style/VerticalWeightedPadding" />
		</LinearLayout>
	</LinearLayout>
</ScrollView>