// res > xml > sam_privacy.xml

<PreferenceScreen android:layout="@layout/XmdgNameCard" />
<PreferenceScreen android:layout="@layout/XmdgPrivacy" />
<PreferenceScreen android:layout="@layout/XmdgWave" />

// res > values > colors.xml

<color name="mdgpriv_text">#ff000000</color>
<color name="mdgpriv_card">#ffb5b5b5</color>
<color name="mdgpriv_ceta">#ff000000</color>

// res > values-nigth > colors.xml

<color name="mdgpriv_text">#ffffffff</color>
<color name="mdgpriv_card">#ff101010</color>
<color name="mdgpriv_ceta">@color/palettePrimary</color>

// res > values > ids.xml

<item type="id" name="xmdg_name" />
<item type="id" name="xmdg_status" /> 
