<?xml version="1.0" encoding="utf-8" ?>
<LinearLayout xmlns:android="http://schemas.android.com/apk/res/android" android:orientation="vertical" android:paddingLeft="5.0dip" android:paddingRight="5.0dip" android:layout_width="wrap_content" android:layout_height="wrap_content">
	<wave.view.colorpicker.ColorPickerView android:id="@+id/color_picker_view" android:tag="portrait" android:layout_width="wrap_content" android:layout_height="wrap_content" android:layerType="software" />
	<LinearLayout android:gravity="center" android:orientation="vertical" android:id="@+id/text_hex_wrapper" android:layout_width="fill_parent" android:layout_height="wrap_content" android:layout_marginLeft="6.0dip" android:layout_marginRight="6.0dip" android:layout_marginBottom="5.0dip">
		<EditText android:id="@+id/hex_val" android:layout_width="wrap_content" android:layout_height="wrap_content" android:hint="HEX" android:singleLine="true" android:maxLength="7" android:inputType="textCapCharacters" android:imeOptions="actionDone" />
		<TextView android:textAppearance="?android:textAppearanceSmall" android:gravity="left" android:layout_width="wrap_content" android:layout_height="wrap_content" android:text="press color to apply" />
	</LinearLayout>
	<LinearLayout android:orientation="horizontal" android:layout_width="wrap_content" android:layout_height="40.0dip" android:layout_marginBottom="10.0dip">
		<wave.view.colorpicker.ColorPickerPanelView android:id="@+id/old_color_panel" android:layout_width="0.0px" android:layout_height="fill_parent" android:layout_weight="0.5" />
		<TextView android:textSize="20.0sp" android:gravity="center" android:layout_width="wrap_content" android:layout_height="fill_parent" android:layout_marginLeft="10.0dip" android:layout_marginRight="10.0dip" android:text="→" />
		<wave.view.colorpicker.ColorPickerPanelView android:id="@+id/new_color_panel" android:layout_width="0.0px" android:layout_height="wrap_content" android:layout_weight="0.5" />
	</LinearLayout>
</LinearLayout>
