<?xml version="1.0" encoding="utf-8" ?>
<LinearLayout xmlns:android="http://schemas.android.com/apk/res/android" xmlns:app="http://schemas.android.com/apk/res-auto" android:orientation="vertical" android:layout_width="fill_parent" android:layout_height="fill_parent">
	<LinearLayout android:orientation="vertical" android:background="#ff000000" android:layout_width="fill_parent" android:layout_height="fill_parent">
		<LinearLayout android:gravity="bottom" android:orientation="vertical" android:background="@drawable/stng_button_border" android:padding="8.0dip" android:layout_width="fill_parent" android:layout_height="wrap_content" android:layout_margin="8.0dip">
			<LinearLayout android:orientation="horizontal" android:id="@id/profile_info" android:background="?android:selectableItemBackground" android:layout_width="fill_parent" android:layout_height="wrap_content">
				<FrameLayout android:orientation="vertical" android:id="@id/contact_selector" android:layout_width="wrap_content" android:layout_height="fill_parent">
					<com.whatsapp.components.button.ThumbnailButton android:enabled="false" android:layout_gravity="center|right" android:id="@id/profile_info_photo" android:layout_width="60.0dip" android:layout_height="60.0dip" android:src="@drawable/photo_stng" android:scaleType="fitCenter" />
				</FrameLayout>
				<LinearLayout android:gravity="center|left" android:orientation="vertical" android:padding="8.0dip" android:layout_width="fill_parent" android:layout_height="fill_parent">
					<com.whatsapp.TextEmojiLabel android:textSize="16.0sp" android:textColor="#ffffffff" android:id="@id/profile_info_name" android:layout_width="wrap_content" android:layout_height="wrap_content" android:lines="1" style="@style/ListItemTitle" />
					<com.whatsapp.TextEmojiLabel android:textSize="14.0sp" android:textColor="#ffffffff" android:id="@id/profile_info_status" android:layout_width="wrap_content" android:layout_height="wrap_content" android:lines="3" style="@style/ListItemSubtitle" />
				</LinearLayout>
			</LinearLayout>
			<LinearLayout android:orientation="vertical" android:layout_width="fill_parent" android:layout_height="wrap_content">
				<LinearLayout android:orientation="horizontal" android:layout_width="fill_parent" android:layout_height="wrap_content">
					<LinearLayout android:gravity="fill_horizontal|center" android:orientation="horizontal" android:layout_width="wrap_content" android:layout_height="wrap_content" android:layout_weight="1.0">
						<TextView android:textSize="20.0sp" android:textColor="#ffffffff" android:layout_width="wrap_content" android:layout_height="wrap_content" android:layout_marginLeft="15.0dip" android:text="@string/localized_app_name" />
					</LinearLayout>
					<LinearLayout android:gravity="center|right" android:orientation="horizontal" android:layout_width="wrap_content" android:layout_height="wrap_content" android:layout_weight="1.0">
						<com.whatsapp.WaButton android:textSize="12.0sp" android:textColor="#ffffffff" android:background="@drawable/stng_button_border" android:layout_width="70.0dip" android:layout_height="25.0dip" android:layout_marginRight="7.0dip" android:text="Privacy" android:onClick="mdgsettings" />
					</LinearLayout>
				</LinearLayout>
			</LinearLayout>
		</LinearLayout>
		<LinearLayout android:orientation="vertical" android:layout_width="fill_parent" android:layout_height="wrap_content" android:layout_marginLeft="10.0dip" android:layout_marginTop="5.0dip" android:layout_marginRight="10.0dip" android:layout_marginBottom="5.0dip">
			<LinearLayout android:gravity="center_vertical" android:orientation="horizontal" android:layout_width="fill_parent" android:layout_height="wrap_content" android:layout_marginLeft="15.0dip" android:layout_marginRight="15.0dip">
				<com.whatsapp.WaImageView android:layout_width="3.0dip" android:layout_height="3.0dip" android:src="@drawable/stng_circle" android:tint="@color/palettePrimary" />
				<com.whatsapp.WaImageView android:layout_width="0.0dip" android:layout_height="1.0dip" android:src="@color/palettePrimary" android:layout_weight="1.0" />
				<com.whatsapp.WaImageView android:layout_width="3.0dip" android:layout_height="3.0dip" android:src="@drawable/stng_circle" android:tint="@color/palettePrimary" />
			</LinearLayout>
			<LinearLayout android:gravity="center_vertical" android:orientation="horizontal" android:layout_width="fill_parent" android:layout_height="wrap_content" android:layout_marginLeft="0.0dip" android:layout_marginRight="0.0dip">
				<com.whatsapp.WaImageView android:layout_width="3.0dip" android:layout_height="3.0dip" android:src="@drawable/stng_circle" android:tint="@color/palettePrimary" />
				<com.whatsapp.WaImageView android:layout_width="0.0dip" android:layout_height="1.0dip" android:src="@color/palettePrimary" android:layout_weight="1.0" />
				<com.whatsapp.WaImageView android:layout_width="3.0dip" android:layout_height="3.0dip" android:src="@drawable/stng_circle" android:tint="@color/palettePrimary" />
				<com.whatsapp.WaTextView android:textStyle="bold" android:textColor="@color/settings_icon" android:layout_width="wrap_content" android:layout_height="wrap_content" android:layout_marginLeft="6.0dip" android:layout_marginRight="6.0dip" android:text="Madruga Modz" />
				<com.whatsapp.WaImageView android:layout_width="3.0dip" android:layout_height="3.0dip" android:src="@drawable/stng_circle" android:tint="@color/palettePrimary" />
				<com.whatsapp.WaImageView android:layout_width="0.0dip" android:layout_height="1.0dip" android:src="@color/palettePrimary" android:layout_weight="1.0" />
				<com.whatsapp.WaImageView android:layout_width="3.0dip" android:layout_height="3.0dip" android:src="@drawable/stng_circle" android:tint="@color/palettePrimary" />
			</LinearLayout>
			<LinearLayout android:gravity="center_vertical" android:orientation="horizontal" android:layout_width="fill_parent" android:layout_height="wrap_content" android:layout_marginLeft="15.0dip" android:layout_marginRight="15.0dip">
				<com.whatsapp.WaImageView android:layout_width="3.0dip" android:layout_height="3.0dip" android:src="@drawable/stng_circle" android:tint="@color/palettePrimary" />
				<com.whatsapp.WaImageView android:layout_width="0.0dip" android:layout_height="1.0dip" android:src="@color/palettePrimary" android:layout_weight="1.0" />
				<com.whatsapp.WaImageView android:layout_width="3.0dip" android:layout_height="3.0dip" android:src="@drawable/stng_circle" android:tint="@color/palettePrimary" />
			</LinearLayout>
		</LinearLayout>
		<ScrollView android:orientation="vertical" android:layout_width="fill_parent" android:layout_height="wrap_content" android:layout_weight="3.0">
			<LinearLayout android:orientation="vertical" android:layout_width="fill_parent" android:layout_height="wrap_content">
				<LinearLayout android:gravity="center" android:orientation="horizontal" android:background="@drawable/stng_border_card" android:layout_width="fill_parent" android:layout_height="70.0dip" android:layout_marginLeft="7.0dip" android:layout_marginTop="5.0dip" android:layout_marginBottom="5.0dip">
					<LinearLayout android:orientation="horizontal" android:background="@drawable/stng_border" android:layout_width="7.0dip" android:layout_height="fill_parent" />
					<LinearLayout android:gravity="center|right" android:orientation="horizontal" android:background="@drawable/stng_border_card" android:layout_width="fill_parent" android:layout_height="fill_parent" android:layout_weight="1.0" android:translationX="-3.0dip">
						<com.whatsapp.settings.SettingsRowIconText android:id="@id/settings_account_info" android:layout_width="fill_parent" android:layout_height="wrap_content" app:settingsRowIconColor="@color/settings_icon" app:settingsRowIconTextIcon="@drawable/ic_settings_account" app:settingsRowIconTextText="@string/settings_account_info" style="?settingsRowIconText" />
					</LinearLayout>
				</LinearLayout>
				<LinearLayout android:gravity="center" android:orientation="horizontal" android:background="@drawable/stng_border_card" android:layout_width="fill_parent" android:layout_height="70.0dip" android:layout_marginLeft="7.0dip" android:layout_marginTop="5.0dip" android:layout_marginBottom="5.0dip">
					<LinearLayout android:orientation="horizontal" android:background="@drawable/stng_border" android:layout_width="7.0dip" android:layout_height="fill_parent" />
					<LinearLayout android:gravity="center|right" android:orientation="horizontal" android:background="@drawable/stng_border_card" android:padding="0.0dip" android:layout_width="fill_parent" android:layout_height="fill_parent" android:layout_weight="1.0" android:translationX="-3.0dip">
						<com.whatsapp.settings.SettingsRowIconText android:id="@id/settings_chat" android:layout_width="fill_parent" android:layout_height="wrap_content" app:settingsRowIconColor="@color/settings_icon" app:settingsRowIconTextIcon="@drawable/ic_settings_chats" app:settingsRowIconTextIconRTLSupported="true" app:settingsRowIconTextText="@string/settings_chat" style="?settingsRowIconText" />
					</LinearLayout>
				</LinearLayout>
				<LinearLayout android:gravity="center" android:orientation="horizontal" android:background="@drawable/stng_border_card" android:layout_width="fill_parent" android:layout_height="70.0dip" android:layout_marginLeft="7.0dip" android:layout_marginTop="5.0dip" android:layout_marginBottom="5.0dip">
					<LinearLayout android:orientation="horizontal" android:background="@drawable/stng_border" android:layout_width="7.0dip" android:layout_height="fill_parent" />
					<LinearLayout android:gravity="center|right" android:orientation="horizontal" android:background="@drawable/stng_border_card" android:padding="0.0dip" android:layout_width="fill_parent" android:layout_height="fill_parent" android:layout_weight="1.0" android:translationX="-3.0dip">
						<com.whatsapp.settings.SettingsRowIconText android:id="@id/settings_notifications" android:layout_width="fill_parent" android:layout_height="wrap_content" app:settingsRowIconColor="@color/settings_icon" app:settingsRowIconTextIcon="@drawable/ic_settings_notification" app:settingsRowIconTextText="@string/settings_notifications" style="?settingsRowIconText" />
					</LinearLayout>
				</LinearLayout>
				<LinearLayout android:gravity="center" android:orientation="horizontal" android:background="@drawable/stng_border_card" android:layout_width="fill_parent" android:layout_height="70.0dip" android:layout_marginLeft="7.0dip" android:layout_marginTop="5.0dip" android:layout_marginBottom="5.0dip">
					<LinearLayout android:orientation="horizontal" android:background="@drawable/stng_border" android:layout_width="7.0dip" android:layout_height="fill_parent" />
					<LinearLayout android:gravity="center|right" android:orientation="horizontal" android:background="@drawable/stng_border_card" android:padding="0.0dip" android:layout_width="fill_parent" android:layout_height="fill_parent" android:layout_weight="1.0" android:translationX="-3.0dip">
						<com.whatsapp.settings.SettingsRowIconText android:id="@id/settings_data_usage" android:layout_width="fill_parent" android:layout_height="wrap_content" app:settingsRowIconColor="@color/settings_icon" app:settingsRowIconTextIcon="@drawable/ic_settings_data_usage" style="?settingsRowIconText" />
					</LinearLayout>
				</LinearLayout>
				<LinearLayout android:gravity="center" android:orientation="horizontal" android:background="@drawable/stng_border_card" android:layout_width="fill_parent" android:layout_height="70.0dip" android:layout_marginLeft="7.0dip" android:layout_marginTop="5.0dip" android:layout_marginBottom="5.0dip">
					<LinearLayout android:orientation="horizontal" android:background="@drawable/stng_border" android:layout_width="7.0dip" android:layout_height="fill_parent" />
					<LinearLayout android:gravity="center|right" android:orientation="horizontal" android:background="@drawable/stng_border_card" android:padding="0.0dip" android:layout_width="fill_parent" android:layout_height="fill_parent" android:layout_weight="1.0" android:translationX="-3.0dip">
						<com.whatsapp.settings.SettingsRowIconText android:id="@id/settings_help" android:layout_width="fill_parent" android:layout_height="wrap_content" app:settingsRowIconColor="@color/settings_icon" app:settingsRowIconTextIcon="@drawable/ic_settings_help" app:settingsRowIconTextText="@string/settings_help" style="?settingsRowIconText" />
					</LinearLayout>
				</LinearLayout>
				<LinearLayout android:gravity="center" android:orientation="horizontal" android:background="@drawable/stng_border_card" android:layout_width="fill_parent" android:layout_height="70.0dip" android:layout_marginLeft="7.0dip" android:layout_marginTop="5.0dip" android:layout_marginBottom="5.0dip">
					<LinearLayout android:orientation="horizontal" android:background="@drawable/stng_border" android:layout_width="7.0dip" android:layout_height="fill_parent" />
					<LinearLayout android:gravity="center|right" android:orientation="horizontal" android:background="@drawable/stng_border_card" android:padding="0.0dip" android:layout_width="fill_parent" android:layout_height="fill_parent" android:layout_weight="1.0" android:translationX="-3.0dip">
						<com.whatsapp.settings.SettingsRowIconText android:id="@id/setting_tell_a_friend" android:layout_width="fill_parent" android:layout_height="wrap_content" app:settingsRowIconColor="@color/settings_icon" app:settingsRowIconTextIcon="@drawable/ic_settings_contacts" app:settingsRowIconTextText="@string/tell_a_friend" style="?settingsRowIconText" />
					</LinearLayout>
				</LinearLayout>
				<LinearLayout android:gravity="center_vertical" android:orientation="horizontal" android:layout_width="fill_parent" android:layout_height="wrap_content" android:layout_marginLeft="2.5dip" android:layout_marginRight="2.5dip">
					<com.whatsapp.WaImageView android:layout_width="3.0dip" android:layout_height="3.0dip" android:src="@drawable/stng_circle" android:tint="@color/palettePrimary" />
					<com.whatsapp.WaImageView android:layout_width="0.0dip" android:layout_height="1.0dip" android:src="@color/palettePrimary" android:layout_weight="1.0" />
					<com.whatsapp.WaImageView android:layout_width="3.0dip" android:layout_height="3.0dip" android:src="@drawable/stng_circle" android:tint="@color/palettePrimary" />
					<com.whatsapp.WaTextView android:textStyle="bold" android:textColor="@color/settings_icon" android:layout_width="wrap_content" android:layout_height="wrap_content" android:layout_marginLeft="6.0dip" android:layout_marginRight="6.0dip" android:text="Madruga Modz" />
					<com.whatsapp.WaImageView android:layout_width="3.0dip" android:layout_height="3.0dip" android:src="@drawable/stng_circle" android:tint="@color/palettePrimary" />
					<com.whatsapp.WaImageView android:layout_width="0.0dip" android:layout_height="1.0dip" android:src="@color/palettePrimary" android:layout_weight="1.0" />
					<com.whatsapp.WaImageView android:layout_width="3.0dip" android:layout_height="3.0dip" android:src="@drawable/stng_circle" android:tint="@color/palettePrimary" />
				</LinearLayout>
				<LinearLayout android:gravity="center" android:orientation="horizontal" android:background="@drawable/stng_border_card" android:visibility="gone" android:layout_width="fill_parent" android:layout_height="70.0dip" android:layout_marginLeft="7.0dip" android:layout_marginTop="5.0dip" android:layout_marginBottom="5.0dip">
					<LinearLayout android:orientation="horizontal" android:background="@drawable/stng_border" android:layout_width="7.0dip" android:layout_height="fill_parent" />
					<LinearLayout android:gravity="center|right" android:orientation="horizontal" android:background="@drawable/stng_border_card" android:padding="0.0dip" android:layout_width="fill_parent" android:layout_height="fill_parent" android:layout_weight="1.0" android:translationX="-3.0dip">
						<com.whatsapp.settings.SettingsRowIconText android:id="@id/business_tools" android:visibility="gone" android:layout_width="fill_parent" android:layout_height="wrap_content" app:settingsRowIconColor="@color/settings_icon" app:settingsRowIconTextIcon="@drawable/ic_settings_business" style="?settingsRowIconText" />
						<View android:id="@id/business_tools_divider" android:visibility="gone" android:layout_marginLeft="@dimen/settings_divider_horizontal_margin_left" style="@style/SectionDivider" />
					</LinearLayout>
				</LinearLayout>
			</LinearLayout>
		</ScrollView>
		<LinearLayout android:gravity="center|right" android:orientation="horizontal" android:padding="8.0dip" android:layout_width="fill_parent" android:layout_height="wrap_content">
			<LinearLayout android:orientation="horizontal" android:background="@drawable/stng_button_border" android:padding="8.0dip" android:layout_width="40.0dip" android:layout_height="40.0dip">
				<com.whatsapp.WaImageView android:id="@id/profile_info_qr_code" android:layout_width="wrap_content" android:layout_height="wrap_content" android:src="@drawable/qr_stng" android:scaleType="fitCenter" android:tint="#ffffffff" />
			</LinearLayout>
		</LinearLayout>
	</LinearLayout>
</LinearLayout>
