<?xml version="1.0" encoding="utf-8"?>
<resources>
<string name="fanout_group_video_call_notification_incoming">false</string>
<string name="incoming_group_video_call">false</string>
<string name="photo_faled_save_to_gallery">Failed to save</string>
<string name="photo_saved_to_gallery">Saved to gallery</string>
<string name="video_incoming_call">false</string>
<string name="Cancel_chating">Cancel</string>
<string name="DisableAudioHeads">Disable Audio playing Notification</string>
<string name="DisableAudioHeadsS">Remove the notification when playing voice notes/audios.</string>
<string name="DisableFwd">Disable Forwarded</string>
<string name="DisableFwdS">Allows you to re-send messages without Forwarded tag.</string>
<string name="DisableRToast">Disable revoke toast</string>
<string name="DisableRToastSum">Disable toast that show a message has been deleted.</string>
<string name="KodaykBroadcasts">Broadcasts</string>
<string name="KodaykContacts">Contacts</string>
<string name="KodaykAR">Anti Revoke messages</string>
<string name="KodaykAR_status">Anti Revoke status</string>
<string name="KodaykAR_statusSum">Prevent status from getting deleted even if the sender deletes it.</string>
<string name="KodaykBOR">Blue tick on Reply</string>
<string name="KodaykBORsum">Show blue tick to contact only after you reply.</string>
<string name="Kodaykcopy_status">Copy Status</string>
<string name="KodaykGroups">Groups</string>
<string name="KodaykHideCompose">Hide typing...</string>
<string name="KodaykHideComposeSum">"Don't tell the sender that you are typing a message."</string>
<string name="KodaykHidePlay">Hide blue microphone</string>
<string name="KodaykHidePlaySumB">"Don't tell the broadcast sender that you have played the audio message."</string>
<string name="KodaykHidePlaySumC">"Don't tell the sender that you played the audio message."</string>
<string name="KodaykHidePlaySumG">"Don't tell the group that you have played the audio message."</string>
<string name="KodaykHideRead">Hide blue ticks</string>
<string name="KodaykHideReadSumB">"Don't tell the broadcast sender that you have read the message."</string>
<string name="KodaykHideReadSumC">"Don't tell the sender that you have read the message."</string>
<string name="KodaykHideReadSumG">"Don't tell the group that you have read the messages."</string>
<string name="KodaykHideReceipt">Hide second tick</string>
<string name="KodaykHideReceiptSumB">"Don't tell the broadcast sender that you have the message (I don't recommend it, you receive new messages probably later)."</string>
<string name="KodaykHideReceiptSumC">"Don't tell the sender that you have received the message (I don't recommend it, you receive new messages probably later)."</string>
<string name="KodaykHideReceiptSumG">"Don't tell the group that you have received the message (I don't recommend it, you receive new messages probably later)."</string>
<string name="KodaykHideRecord">Hide recording...</string>
<string name="KodaykHideRecordSum">"Don't tell the sender that you are recording a voice message."</string>
<string name="KodaykHideSeen">Hide Last Seen</string>
<string name="KodaykHideSeenSum">"Pause your last seen. Note: You will not be able to see your contact's last seen as well."</string>
<string name="KodaykRevoke">Anti Revoke</string>
<string name="Kodayksave_status">Download Status</string>
<string name="KodaykUniversal">Universal</string>
<string name="HideViewStatus">Hide status View</string>
<string name="HideViewStatusSum">"Don't tell contact that your viewed their status."</string>
<string name="image_resolution_mod">High quality images</string>
<string name="image_resolution_sum">Send high quality images.</string>
<string name="image_settings">Image and Video</string>
<string name="image_settings_sum">Image and video resolution settings.</string>
<string name="image_size_mod">Original size images</string>
<string name="image_size_sum">Send original size images.</string>
<string name="mb_limit">Limit when sending audios and videos</string>
<string name="mb_limit_sum">Mb limit when sending audios and videos.</string>
<string name="media_settings">Media Settings</string>
<string name="media_audio_mod">Audios</string>
<string name="media_disable_sensor">Enable proximity sensor</string>
<string name="media_disable_sensor_sum">Enabled to default. if you disable, the audios will be heard through the speaker.</string>
<string name="msg_unsaved_number">Message to unsaved number</string>
<string name="msg_unsaved_sum">Enter unsaved number here to start a chat.</string>
<string name="New_chating">Message</string>
<string name="opnewchat">New Chat</string>
<string name="privacy_calls">Calls Privacy</string>
<string name="privacy_calls_advanced">Advanced Settings</string>
<string name="privacy_calls_declined_types">Show the caller that you declined</string>
<string name="privacy_calls_no_answer_types">"Show the caller that you didn't answer"</string>
<string name="privacy_calls_options">Who can call me?</string>
<string name="privacy_calls_sum">Disable Voice/Video Calls</string>
<string name="PrivacyReseted">All privacy reseted to default settings.</string>
<string name="privacy_title">Privacy</string>
<string name="ResetC">Reset</string>
<string name="ResetPriv">Reset privacy</string>
<string name="ResetPrivSum">Reset privacy settings to default.</string>
<string name="status_limit_mod">Upload status longer than 30 seconds</string>
<string name="status_limit_sum">Only users using this option will be able to watch longer videos.</string>
<string name="status_resolution_mod">High resolution status</string>
<string name="status_resolution_sum">Submit high quality status.</string>
<string name="status_settings">Status Settings</string>
<string name="wa_crash">Ooops! I crashed, but a report has been sent to my developer to help him fix the issue!</string>
<string name="kdy_copy_status_toast">Status copied successfully.</string>
<string name="kdy_anti_view_once">Anti View-Once</string>
<string name="kdy_anti_view_once_sum">View-Once messages will not be deleted to you</string>
<string name="restart_title">Restart</string>
<string name="kdy_update_layout_title">Update available!</string>
<string name="kdy_select_browser">Select browser</string>
<string name="kdy_not_internet">There is no internet connection</string>
<string name="KodaykARSum">Prevent messages from getting deleted even if the sender deletes it.</string>
<string name="Kodaykcopy_status_done">Status copied successfully.</string>
<string name="video_hd">HD videos</string>
<string name="video_hd_sum">Send Videos in HD resolution.</string>
</resources>
