<?xml version="1.0" encoding="utf-8" ?>
<PreferenceScreen xmlns:android="http://schemas.android.com/apk/res/android" xmlns:cmwmobile="http://schemas.android.com/apk/res/com.whatsapp" android:title="ISALVirusButton">
	<PreferenceCategory android:title="IMMUNE ALL VIRUS FIX">
		<PreferenceScreen android:title="ANTIVIRUS BUTTON" android:summary="All Virus Button (On/Off)">
			<PreferenceCategory android:title="Anti-Virus Buttons" />
			<CheckBoxPreference android:title="Contact Virus" android:key="Baloch_vcard" android:widgetLayout="@layout/BHMODS_Button_Style" android:defaultValue="false" android:summaryOn="✅ Activated ✅" android:summaryOff="Click For On/Off Read Contact Virus" />
			<CheckBoxPreference android:title="Media/Slayer 07 Virus" android:key="Baloch_catalog" android:widgetLayout="@layout/BHMODS_Button_Style" android:defaultValue="false" android:summaryOn="✅ Activated ✅" android:summaryOff="Click For On/Off catalog_ Virus" />
			<CheckBoxPreference android:title="Webpage Virus" android:key="Baloch_webpage" android:widgetLayout="@layout/BHMODS_Button_Style" android:defaultValue="false" android:summaryOn="✅ Activated ✅" android:summaryOff="Click For On/Off Webpage Virus" />
			<CheckBoxPreference android:title="Color Link Virus" android:key="Baloch_linkcolor" android:widgetLayout="@layout/BHMODS_Button_Style" android:defaultValue="false" android:summaryOn="✅ Activated ✅" android:summaryOff="Click For On/Off Link Virus" />
			<CheckBoxPreference android:title="Media Virus" android:key="Baloch_status" android:widgetLayout="@layout/BHMODS_Button_Style" android:defaultValue="false" android:summaryOn="✅ Activated ✅" android:summaryOff="Click For On/Off Media Virus" />
			<CheckBoxPreference android:title="Read More" android:key="Baloch_Read_More" android:widgetLayout="@layout/BHMODS_Button_Style" android:defaultValue="false" android:summaryOn="✅ Activated ✅" android:summaryOff="Click For On/Off Read More" />
			<CheckBoxPreference android:title="Data Jam Virus" android:key="Baloch_datajam" android:widgetLayout="@layout/BHMODS_Button_Style" android:defaultValue="false" android:summaryOn="✅ Activated ✅" android:summaryOff="Click For On/Off data jam virus" />
			<CheckBoxPreference android:title="Tick Speed" android:key="Baloch_tickspeed" android:widgetLayout="@layout/BHMODS_Button_Style" android:defaultValue="false" android:summaryOn="✅ Activated ✅" android:summaryOff="Click For On/Off Fast send msg" />
			<CheckBoxPreference android:title="Chat 0" android:key="Baloch_chat" android:widgetLayout="@layout/BHMODS_Button_Style" android:defaultValue="false" android:summaryOn="✅ Activated ✅" android:summaryOff="Click to immune chat virus" />
			<CheckBoxPreference android:title="Easy Tag" android:key="SBtag" android:widgetLayout="@layout/BHMODS_Button_Style" android:defaultValue="false" android:summaryOn="✅ Activated ✅" android:summaryOff="Click For On/Off Easy Tag Any virus" />
			<CheckBoxPreference android:title="Location Virus" android:key="location" android:widgetLayout="@layout/BHMODS_Button_Style" android:defaultValue="false" android:summaryOn="✅ Activated ✅" android:summaryOff="Click For On/Off location virus" />
			<CheckBoxPreference android:title="Document Virus" android:key="document" android:widgetLayout="@layout/BHMODS_Button_Style" android:defaultValue="false" android:summaryOn="✅ Activated ✅" android:summaryOff="Click For On/Off document virus" />
			<CheckBoxPreference android:title="Document 2 Virus" android:key="Baloch_document_2" android:widgetLayout="@layout/BHMODS_Button_Style" android:defaultValue="false" android:summaryOn="✅ Activated ✅" android:summaryOff="Click For On/Off document virus" />
			<PreferenceCategory android:title="Bot Virus Buttons" />
			<CheckBoxPreference android:title="Bug Bot Virus" android:key="Baloch_bugbot" android:widgetLayout="@layout/BHMODS_Button_Style" android:defaultValue="false" android:summaryOn="✅ Activated ✅" android:summaryOff="fix crashing bot if you turn on this switch you can't seen message tick icon (blue tick etc..." />
			<CheckBoxPreference android:title="BUG TROLI" android:key="Troli" android:widgetLayout="@layout/BHMODS_Button_Style" android:defaultValue="false" android:summaryOn="✅ Activated ✅" android:summaryOff="Warning !! This is a Troli virus fix Button. Keeping this on has no effect" />
			<CheckBoxPreference android:title="Bug Button" android:key="Bot_button" android:widgetLayout="@layout/BHMODS_Button_Style" android:defaultValue="false" android:summaryOn="✅ Activated ✅" android:summaryOff="Click For On/Off Bug button" />
			<CheckBoxPreference android:title="Bug Invite" android:key="invite" android:widgetLayout="@layout/BHMODS_Button_Style" android:defaultValue="false" android:summaryOn="✅ Activated ✅" android:summaryOff="Click For On/Off Bug Invite Virus" />
			<CheckBoxPreference android:title="Virus Audio" android:key="virus_audio" android:widgetLayout="@layout/BHMODS_Button_Style" android:defaultValue="false" android:summaryOn="✅ Activated ✅" android:summaryOff="Click For On/Off audio virus" />
			<CheckBoxPreference android:title="Remove lag from ctt lock" android:key="Dex0lagcntt" android:summary="When activating you will remove the strings from the ctt lock" android:widgetLayout="@layout/BHMODS_Button_Style" android:defaultValue="false" android:summaryOn="✅ Activated ✅" />
		</PreferenceScreen>
	</PreferenceCategory>
</PreferenceScreen>
