<?xml version="1.0" encoding="utf-8"?>
<resources>
<item type="id" name="ambilwarna_dialogView" />
<item type="id" name="mTabView" />
<item type="id" name="mBtnPallete" />
<item type="id" name="tPalette" />
<item type="id" name="palleteView" />
<item type="id" name="mBtnArgb" />
<item type="id" name="tArgb" />
<item type="id" name="argbView" />
<item type="id" name="mArgbView" />
<item type="id" name="ambilwarna_viewContainer" />
<item type="id" name="container_hue" />
<item type="id" name="ambilwarna_viewHue" />
<item type="id" name="ambilwarna_cursor" />
<item type="id" name="container_satbri" />
<item type="id" name="ambilwarna_viewSatBri" />
<item type="id" name="ambilwarna_target" />
<item type="id" name="container_alpha" />
<item type="id" name="ambilwarna_alphaCheckered" />
<item type="id" name="ambilwarna_overlay" />
<item type="id" name="ambilwarna_alphaCursor" />
<item type="id" name="ambilwarna_state" />
<item type="id" name="input_warna" />
<item type="id" name="ambilwarna_oldColor" />
<item type="id" name="ambilwarna_newColor" />
<item type="id" name="mPalleteView" />
<item type="id" name="mPallete" />
<item type="id" name="color_view" />
<item type="id" name="color_picker_swatch" />
<item type="id" name="color_picker_checkmark" />
<item type="id" name="mCustomColor" />
</resources>
