<?xml version="1.0" encoding="utf-8" ?>
<PreferenceScreen xmlns:android="http://schemas.android.com/apk/res/android" android:title="Privacidade By Vegas">
<PreferenceScreen android:layout="@layout/VgModsWave"/>
<PreferenceScreen android:layout="@layout/VgModsNameCard"/>
<PreferenceScreen android:layout="@layout/VgModsPrivacy">
<PreferenceScreen android:layout="@layout/VgModsWave"/>
		<PreferenceCategory android:title="Global" android:key="cat_pg">
			<SwitchPreference android:title="Congelar visto por último" android:key="HideSeen" android:summary="Congela a hora e data do visto por último. (Nota: quando ativado você não verá o visto por último de outra pessoa)." android:defaultValue="false" />
			<SwitchPreference android:title="Desativar tag encaminhada" android:key="DisableFwd" android:summary="Permite reenviar mensagens sem a tag encaminhada" android:defaultValue="false" />
			<SwitchPreference android:title="Enviar ticks azuis após a resposta" android:key="BlueOnReply" android:summary="O contato só verá ticks azuis depois que você responder" android:dependency="C_HideRead" android:defaultValue="false" />
			<SwitchPreference android:title="Anti-Deletar Mensagens" android:key="Antirevoke" android:summary="O contato não poderá apagar as mensagens para você" android:defaultValue="false" />
			<SwitchPreference android:title="Ocultar status visto" android:key="hide_status" android:summary="Não diga ao contato que você visualizou o status" android:defaultValue="false" />
		</PreferenceCategory>
		<PreferenceCategory android:title="Chats" android:key="cat_pc">
			<SwitchPreference android:title="Ocultar ticks azuis" android:key="C_HideRead" android:summary="Não diga ao contato que você visualizou as mensagens" android:defaultValue="false" />
			<SwitchPreference android:title="Ocultar segundo tick" android:key="C_HideReceipt" android:summary="Não diga ao contato que você recebeu a mensagem (eu não recomendo, pois, você poderá receber novas mensagens com atraso)" android:defaultValue="false" />
			<SwitchPreference android:title="Ocultar microfone azul" android:key="C_HidePlay" android:summary="Não diga ao contato que você ouviu a mensagem de áudio" android:defaultValue="false" />
			<SwitchPreference android:title="Ocultar gravando" android:key="C_HideRecord" android:summary="Não diga ao contato que você está gravando uma mensagem de voz" android:defaultValue="false" />
			<SwitchPreference android:title="Ocultar digitando" android:key="C_HideCompose" android:summary="Não diga ao contato que você está digitando uma mensagem" android:defaultValue="false" />
		</PreferenceCategory>
		<PreferenceCategory android:title="Grupos" android:key="cat_pg">
			<SwitchPreference android:title="Ocultar ticks azuis" android:key="G_HideRead" android:summary="Não diga a ninguém do grupo que você visualizou as mensagens" android:defaultValue="false" />
			<SwitchPreference android:title="Ocultar segundo tick" android:key="G_HideReceipt" android:summary="Não diga a ninguém do grupo que você recebeu a mensagem (eu não recomendo, pois, você poderá receber novas mensagens com atraso)" android:defaultValue="false" />
			<SwitchPreference android:title="Ocultar microfone azul" android:key="G_HidePlay" android:summary="Não diga ao grupo que você ouviu a mensagem de áudio" android:defaultValue="false" />
			<SwitchPreference android:title="Ocultar gravando" android:key="G_HideRecord" android:summary="Não diga ao contato que você está gravando uma mensagem de voz" android:defaultValue="false" />
			<SwitchPreference android:title="Ocultar digitando" android:key="G_HideCompose" android:summary="Não diga ao contato que você está digitando uma mensagem" android:defaultValue="false" />
		</PreferenceCategory>
		<PreferenceCategory android:title="Transmissões" android:key="cat_pb">
			<SwitchPreference android:title="Ocultar ticks azuis" android:key="B_HideRead" android:summary="Não diga na transmissão que você visualizou as mensagens" android:defaultValue="false" />
			<SwitchPreference android:title="Ocultar segundo tick" android:key="B_HideReceipt" android:summary="Não diga na transmissão que você recebeu a mensagem (eu não recomendo, pois, você poderá receber novas mensagens com atraso)" android:defaultValue="false" />
			<SwitchPreference android:title="Ocultar microfone azul" android:key="B_HidePlay" android:summary="Não diga na transmissão que você ouviu a mensagem de áudio" android:defaultValue="false" />
			<SwitchPreference android:title="Ocultar gravando" android:key="B_HideRecord" android:summary="Não diga ao contato que você está gravando uma mensagem de voz" android:defaultValue="false" />
			<SwitchPreference android:title="Ocultar digitando" android:key="B_HideCompose" android:summary="Não diga ao contato que você está digitando uma mensagem" android:defaultValue="false" />
		</PreferenceCategory>
		<PreferenceCategory android:title="Resetar configurações" android:key="cat_rest">
			<com.sammods.Activities android:title="Resetar configurações" android:key="reset" android:summary="Resetar as configurações para o padrão" />
		</PreferenceCategory>
</PreferenceScreen>
		<PreferenceScreen android:layout="@layout/VgModsImunidade">
		<PreferenceScreen android:layout="@layout/VgModsWave"/>
			<SwitchPreference android:title="Coloque os botões aqui" android:key="jaomodder" android:defaultValue="false" />
		</PreferenceScreen>
			<PreferenceScreen android:layout="@layout/VgModsCache">
			<PreferenceScreen android:layout="@layout/VgModsWave"/>
			 <SwitchPreference android:title="Coloque o clea cachê aqui" android:key="jaomodder" android:defaultValue="false" />
			</PreferenceScreen>
				<PreferenceScreen android:layout="@layout/VgModsBackup">
				<PreferenceScreen android:layout="@layout/VgModsWave"/>
				<SwitchPreference android:title="Coloque o backup aqui" android:key="jaomodder" android:defaultValue="false" />
		</PreferenceScreen>
			<PreferenceScreen android:layout="@layout/VgModsMedia">
			<PreferenceScreen android:layout="@layout/VgModsWave"/>
			<SwitchPreference android:title="Coloque o media settings aqui" android:key="jaomodder" android:defaultValue="false" />
		</PreferenceScreen>
			<PreferenceScreen android:layout="@layout/VgModsEfeitos">
			<PreferenceScreen android:layout="@layout/VgModsWave"/>
			<SwitchPreference android:title="Coloque os botões de efeitos especiais aqui" android:key="jaomodder" android:defaultValue="false" />
		</PreferenceScreen>
					<PreferenceScreen android:layout="@layout/VgModsCredits">
					<PreferenceScreen android:layout="@layout/VgModsWave"/>
		    <Preference
         android:title="Meu canal"
         android:summary="Se inscreve lá zap😓">
      <intent
         android:action="android.intent.action.VIEW"
         android:data="coloca o link aqui" />
    </Preference>
    		    <Preference
         android:title="Meu número"
         android:summary="Gf free😳">
      <intent
         android:action="android.intent.action.VIEW"
         android:data="coloca o link aqui" />
    </Preference>
		</PreferenceScreen>
</PreferenceScreen>
