<?xml version="1.0" encoding="utf-8" ?>
<PreferenceScreen xmlns:robobunny="http://robobunny.com" xmlns:android="http://schemas.android.com/apk/res/android" android:title="@string/media_settings">
	<PreferenceCategory android:title="@string/media_settings" />
	<SwitchPreference android:title="@string/media_disable_sensor" android:key="MediaSensor" android:summary="@string/media_disable_sensor_sum" android:defaultValue="true" />
	<SwitchPreference android:title="@string/DisableAudioHeads" android:key="disable_audioheads" android:summary="@string/DisableAudioHeadsS" android:defaultValue="false" />
	<SwitchPreference android:title="@string/image_resolution_mod" android:key="image_resolution_H_check" android:summary="@string/image_resolution_sum" android:defaultValue="false" />
	<SwitchPreference android:title="@string/image_size_mod" android:key="send_image_original_check" android:summary="@string/image_size_sum" android:defaultValue="false" />
	<SwitchPreference android:title="@string/status_resolution_mod" android:key="status_resolution_H_check" android:summary="@string/status_resolution_sum" android:defaultValue="false" />
	<SwitchPreference android:title="@string/status_limit_mod" android:key="send_status_limit_check" android:summary="@string/status_limit_sum" android:defaultValue="false" />
	<SeekBarPreference android:max="100" android:title="@string/mb_limit" android:key="media_limit_mb" android:summary="@string/mb_limit_sum" android:defaultValue="16" />
	<SeekBarPreference android:max="6" android:title="@string/video_hd" android:key="img_hd" android:summary="@string/video_hd_sum" android:defaultValue="1" />
</PreferenceScreen>
