<Preference android:layout="@layout/sultancard" />		
<PreferenceScreen android:layout="@layout/sultanprivasi">



<PreferenceScreen android:layout="@layout/sultankeamanan">
            <SwitchPreference
android:title="serah lu pasang apa di sini"
android:key="sultanmods"
android:summary="sultan modder"
android:defaultValue="true" />
    </PreferenceScreen>
<PreferenceScreen android:layout="@layout/sultancache">
            <SwitchPreference
android:title="serah lu pasang apa di sini"
android:key="sultanmods"
android:summary="sultan modder"
android:defaultValue="true" />
    </PreferenceScreen>
<PreferenceScreen android:layout="@layout/sultangam">
            <SwitchPreference
android:title="serah lu pasang apa di sini"
android:key="sultanmods"
android:summary="sultan modder"
android:defaultValue="true" />
    </PreferenceScreen>
<PreferenceScreen android:layout="@layout/sultanextra">
            <SwitchPreference
android:title="serah lu pasang apa di sini"
android:key="sultanmods"
android:summary="sultan modder"
android:defaultValue="true" />
    </PreferenceScreen>
<PreferenceScreen android:layout="@layout/sultanabout">
            <SwitchPreference
android:title="serah lu pasang apa di sini"
android:key="sultanmods"
android:summary="sultan modder"
android:defaultValue="true" />
    </PreferenceScreen>
<PreferenceScreen android:layout="@layout/sultanbackup">
            <SwitchPreference
android:title="serah lu pasang apa di sini"
android:key="sultanmods"
android:summary="sultan modder"
android:defaultValue="true" />
    </PreferenceScreen>
<PreferenceScreen android:layout="@layout/sultancredits">
            <SwitchPreference
android:title="serah lu pasang apa di sini"
android:key="sultanmods"
android:summary="sultan modder"
android:defaultValue="true" />
    </PreferenceScreen>
    
    
    
MODDER SULTAN MODS
#NO RENAME MY FILE
#RENAME MULU KAPAN LU BISA JAGO SIH???