values->strings.xml

<string name="smwa_add_account">Show icon Add Account</string>
<string name="new_account">Accounts</string>
<string name="add_account">Switch Account</string>
<string name="show_accounts">Show Accounts</string>


==================================================================

 values->ids.xml 


<item type="id" name="add_account_btn" />
<item type="id" name="add_account_row" />
<item type="id" name="show_accounts" />
<item type="id" name="sender_identity" />
<item type="id" name="phone" />