<?xml version="1.0" encoding="utf-8" ?>
<ScrollView xmlns:android="http://schemas.android.com/apk/res/android" xmlns:app="http://schemas.android.com/apk/res-auto" android:background="@null" android:layout_width="fill_parent" android:layout_height="fill_parent">
	<LinearLayout android:orientation="vertical" android:layout_width="fill_parent" android:layout_height="wrap_content">
		<LinearLayout android:orientation="vertical" android:background="@drawable/ra_setting" android:layout_width="fill_parent" android:layout_height="wrap_content" android:layout_marginTop="-2.0dip" android:tint="@color/color01">
			<LinearLayout android:orientation="horizontal" android:layout_width="fill_parent" android:layout_height="wrap_content" android:layout_marginTop="20.0dip">
				<com.whatsapp.components.button.ThumbnailButton android:layout_gravity="center|left|top" android:id="@id/photo_btn" android:paddingLeft="12.0dip" android:layout_width="80.0dip" android:layout_height="80.0dip" android:src="@drawable/ic_settings_profile" android:scaleType="fitCenter" android:adjustViewBounds="true" android:contentDescription="@string/profile_photo" app:tbtnBorderColor="@color/primary_surface" app:tbtnBorderSize="3.0dip" app:tbtnRadius="-1.0dip" />
				<com.whatsapp.WaTextView android:textSize="16.0sp" android:textColor="@color/list_item_sub_title" android:gravity="center|left" android:layout_gravity="center_vertical" android:paddingLeft="18.0dip" android:paddingRight="8.0dip" android:layout_width="wrap_content" android:layout_height="wrap_content" android:text="@string/ra_profile" />
				<ProgressBar android:layout_gravity="center" android:id="@id/change_photo_progress" android:visibility="gone" android:layout_width="wrap_content" android:layout_height="wrap_content" style="?android:progressBarStyleInverse" />
			</LinearLayout>
			<com.whatsapp.WaImageButton android:layout_gravity="left" android:id="@id/change_photo_btn" android:layout_width="wrap_content" android:layout_height="wrap_content" android:layout_marginLeft="13.0dip" android:layout_marginTop="-10.0dip" android:src="@drawable/ra_profile_edit" android:tint="@color/color02" android:contentDescription="@string/edit_photo_description" style="@style/ActionBarButtonStyle" />
		</LinearLayout>
		<LinearLayout android:orientation="vertical" android:layout_width="fill_parent" android:layout_height="wrap_content" android:layout_marginTop="10.0dip">
			<com.whatsapp.WaTextView android:textSize="16.0sp" android:textColor="@color/color02" android:layout_gravity="center|left" android:paddingLeft="12.0dip" android:layout_width="wrap_content" android:layout_height="wrap_content" android:layout_marginTop="3.0dip" android:layout_marginBottom="3.0dip" android:text="Nome" />
			<com.whatsapp.profile.ProfileSettingsRowIconText android:id="@id/profile_info_name_card" android:background="@drawable/ra_setting" android:paddingLeft="12.0dip" android:layout_width="fill_parent" android:layout_height="wrap_content" android:layout_marginTop="2.0dip" android:layout_marginBottom="18.0dip" android:tint="@color/color01" style="@null" />
		</LinearLayout>
		<LinearLayout android:orientation="vertical" android:layout_width="fill_parent" android:layout_height="wrap_content" android:layout_marginTop="7.0dip">
			<com.whatsapp.WaTextView android:textSize="16.0sp" android:textColor="@color/color02" android:layout_gravity="center|left" android:paddingLeft="12.0dip" android:layout_width="wrap_content" android:layout_height="wrap_content" android:layout_marginTop="3.0dip" android:layout_marginBottom="3.0dip" android:text="Número" />
			<com.whatsapp.profile.ProfileSettingsRowIconText android:id="@id/profile_phone_info" android:background="@drawable/ra_setting" android:paddingLeft="12.0dip" android:layout_width="fill_parent" android:layout_height="wrap_content" android:tint="@color/color01" style="@null" />
		</LinearLayout>
		<LinearLayout android:orientation="vertical" android:layout_width="fill_parent" android:layout_height="wrap_content" android:layout_marginTop="15.0dip">
			<com.whatsapp.WaTextView android:textSize="16.0sp" android:textColor="@color/color02" android:layout_gravity="center|left" android:paddingLeft="12.0dip" android:layout_width="wrap_content" android:layout_height="wrap_content" android:layout_marginTop="3.0dip" android:layout_marginBottom="3.0dip" android:text="Recado" />
			<FrameLayout android:layout_width="fill_parent" android:layout_height="wrap_content">
				<com.whatsapp.profile.ProfileSettingsRowIconText android:id="@id/profile_info_status_card" android:background="@drawable/ra_setting" android:paddingLeft="12.0dip" android:layout_width="fill_parent" android:layout_height="wrap_content" android:tint="@color/color01" android:maxLines="10" android:lines="10" android:minLines="1" android:singleLine="false" style="@null" />
				<ImageView android:layout_gravity="center|right" android:paddingRight="20.0dip" android:layout_width="wrap_content" android:layout_height="wrap_content" android:src="@drawable/chevron_right" />
			</FrameLayout>
		</LinearLayout>
	</LinearLayout>
</ScrollView>
