<?xml version="1.0" encoding="utf-8" ?>
<ScrollView xmlns:android="http://schemas.android.com/apk/res/android" xmlns:whatsapp="http://schemas.android.com/apk/res-auto" android:background="?settingsBackgroundColor" android:layout_width="fill_parent" android:layout_height="fill_parent">
	<LinearLayout android:orientation="vertical" android:layout_width="fill_parent" android:layout_height="wrap_content">
		<RelativeLayout android:gravity="center" android:paddingTop="0.0dip" android:paddingBottom="0.0dip" android:layout_width="fill_parent" android:layout_height="wrap_content">
			<FrameLayout android:gravity="center" android:paddingLeft="0.5dip" android:paddingTop="@dimen/pref_profile_photo_top_padding" android:paddingRight="0.5dip" android:paddingBottom="16.0dip" android:layout_width="wrap_content" android:layout_height="wrap_content" android:layout_centerInParent="true">
				<com.whatsapp.components.button.ThumbnailButton android:id="@id/photo_btn" android:layout_width="@dimen/pref_profile_photo_size" android:layout_height="@dimen/pref_profile_photo_size" android:layout_marginBottom="2.0dip" android:src="@drawable/ic_settings_profile" android:scaleType="fitCenter" android:adjustViewBounds="true" android:contentDescription="@string/profile_photo" whatsapp:tbtnBorderColor="@color/primaryButtonColor" whatsapp:tbtnBorderSize="10.0px" whatsapp:tbtnRadius="-1.0dip" />
				<ProgressBar android:layout_gravity="center" android:id="@id/change_photo_progress" android:visibility="gone" android:layout_width="wrap_content" android:layout_height="wrap_content" style="?android:progressBarStyleInverse" />
				<com.whatsapp.WaImageButton android:layout_gravity="bottom|center|right" android:id="@id/change_photo_btn" android:background="@drawable/input_circle" android:layout_width="48.0dip" android:layout_height="48.0dip" android:layout_marginBottom="2.0dip" android:src="@drawable/ic_camera" android:contentDescription="@string/edit_photo_description" whatsapp:tint="@color/white" style="@style/ActionBarButtonStyle" />
			</FrameLayout>
		</RelativeLayout>
		<LinearLayout android:id="@id/xCaimName" android:padding="3.0dip" android:layout_width="fill_parent" android:layout_height="wrap_content">
			<LinearLayout android:orientation="horizontal" android:background="@drawable/zCaimBack" android:padding="4.0dip" android:layout_width="fill_parent" android:layout_height="wrap_content" android:layout_marginLeft="1.0dip" android:layout_marginTop="3.0dip" android:layout_marginRight="2.0dip">
				<com.whatsapp.profile.ProfileSettingsRowIconText android:id="@id/profile_info_name_card" android:layout_width="fill_parent" android:layout_height="wrap_content" whatsapp:psritDescription="@string/settings_push_name_summary" whatsapp:psritIcon="@drawable/ic_settings_name" whatsapp:psritIconColor="?settingsIconColor" whatsapp:psritSecondaryIcon="@drawable/ic_settings_edit" whatsapp:psritSecondaryIconColor="?settingsGrayButtonColor" whatsapp:psritTitleText="@string/profile_settings_name_section_title" style="?settingsRowIconText" />
			</LinearLayout>
		</LinearLayout>
		<View android:layout_marginLeft="72.0dip" style="@style/SectionDivider" />
		<LinearLayout android:id="@id/xCaimStatus" android:padding="3.0dip" android:layout_width="fill_parent" android:layout_height="wrap_content">
			<LinearLayout android:orientation="horizontal" android:background="@drawable/zCaimBack" android:padding="4.0dip" android:layout_width="fill_parent" android:layout_height="wrap_content" android:layout_marginLeft="1.0dip" android:layout_marginTop="3.0dip" android:layout_marginRight="2.0dip">
				<com.whatsapp.profile.ProfileSettingsRowIconText android:id="@id/profile_info_status_card" android:layout_width="fill_parent" android:layout_height="wrap_content" whatsapp:psritIcon="@drawable/ic_settings_info" whatsapp:psritIconColor="?settingsIconColor" whatsapp:psritSecondaryIcon="@drawable/ic_settings_edit" whatsapp:psritSecondaryIconColor="?settingsGrayButtonColor" whatsapp:psritTitleText="@string/profile_settings_about_section_title" style="?settingsRowIconText" />
			</LinearLayout>
		</LinearLayout>
		<View android:layout_marginLeft="72.0dip" style="@style/SectionDivider" />
		<LinearLayout android:id="@id/xCaimNumber" android:padding="3.0dip" android:layout_width="fill_parent" android:layout_height="wrap_content">
			<LinearLayout android:orientation="horizontal" android:background="@drawable/zCaimBack" android:padding="4.0dip" android:layout_width="fill_parent" android:layout_height="wrap_content" android:layout_marginLeft="1.0dip" android:layout_marginTop="3.0dip" android:layout_marginRight="2.0dip">
				<com.whatsapp.profile.ProfileSettingsRowIconText android:id="@id/profile_phone_info" android:layout_width="fill_parent" android:layout_height="wrap_content" whatsapp:psritIcon="@drawable/ic_settings_phone" whatsapp:psritIconColor="?settingsIconColor" whatsapp:psritTitleText="@string/profile_settings_phone_section_title" style="?settingsRowIconText" />
			</LinearLayout>
		</LinearLayout>
	</LinearLayout>
</ScrollView>
