<?xml version="1.0" encoding="utf-8" ?>
<ScrollView xmlns:android="http://schemas.android.com/apk/res/android" xmlns:whatsapp="http://schemas.android.com/apk/res-auto" android:background="?settingsBackgroundColor" android:layout_width="fill_parent" android:layout_height="fill_parent">
	<LinearLayout android:orientation="vertical" android:layout_width="fill_parent" android:layout_height="fill_parent">
		<FrameLayout android:layout_gravity="center|top" android:layout_width="fill_parent" android:layout_height="wrap_content">
			<FrameLayout android:layout_width="fill_parent" android:layout_height="wrap_content">
				<ImageView android:layout_gravity="center|top" android:layout_width="fill_parent" android:layout_height="140.0dip" android:src="?colorPrimary" />
				<ImageView android:layout_gravity="bottom|center" android:layout_width="fill_parent" android:layout_height="30.0dip" android:src="@drawable/Scolze_shape" android:tint="?android:windowBackground" />
			</FrameLayout>
			<RelativeLayout android:gravity="center" android:paddingTop="0.0dip" android:paddingBottom="0.0dip" android:layout_width="fill_parent" android:layout_height="wrap_content">
				<FrameLayout android:gravity="center" android:paddingLeft="0.5dip" android:paddingTop="@dimen/pref_profile_photo_top_padding" android:paddingRight="0.5dip" android:paddingBottom="16.0dip" android:layout_width="wrap_content" android:layout_height="wrap_content" android:layout_centerInParent="true">
					<LinearLayout android:background="@drawable/Scolze_circle_surface" android:padding="5.0dip" android:layout_width="wrap_content" android:layout_height="wrap_content" android:layout_margin="5.0dip">
						<com.whatsapp.components.button.ThumbnailButton android:id="@id/photo_btn" android:layout_width="@dimen/pref_profile_photo_size" android:layout_height="@dimen/pref_profile_photo_size" android:src="@drawable/ic_settings_profile" android:scaleType="fitCenter" android:adjustViewBounds="true" android:contentDescription="@string/profile_photo" />
					</LinearLayout>
					<ProgressBar android:layout_gravity="center" android:id="@id/change_photo_progress" android:visibility="gone" android:layout_width="wrap_content" android:layout_height="wrap_content" style="?android:progressBarStyleInverse" />
					<com.whatsapp.WaImageButton android:layout_gravity="bottom|center|right" android:id="@id/change_photo_btn" android:background="@drawable/input_circle" android:padding="5.0dip" android:layout_width="48.0dip" android:layout_height="48.0dip" android:layout_margin="5.0dip" android:src="@drawable/ic_cam_white" android:scaleType="centerInside" android:contentDescription="@string/edit_photo_description" style="@style/ActionBarButtonStyle" />
				</FrameLayout>
			</RelativeLayout>
		</FrameLayout>
		<LinearLayout android:orientation="vertical" android:background="@drawable/Scolze_bg_card" android:layout_width="fill_parent" android:layout_height="wrap_content" android:layout_margin="10.0dip">
			<LinearLayout android:gravity="center" android:background="@drawable/Scolzebg_card_header" android:layout_width="fill_parent" android:layout_height="wrap_content">
				<TextView android:textSize="15.0sp" android:textStyle="bold" android:textColor="#ffffffff" android:padding="5.0dip" android:layout_width="wrap_content" android:layout_height="wrap_content" android:text="@string/info_pro" />
			</LinearLayout>
			<com.whatsapp.profile.ProfileSettingsRowIconText android:id="@id/profile_info_name_card" android:layout_width="fill_parent" android:layout_height="wrap_content" whatsapp:psritDescription="@string/settings_push_name_summary" whatsapp:psritIcon="@drawable/ic_settings_name" whatsapp:psritIconColor="?settingsIconColor" whatsapp:psritSecondaryIcon="@drawable/ic_settings_edit" whatsapp:psritSecondaryIconColor="?settingsGrayButtonColor" whatsapp:psritTitleText="@string/profile_settings_name_section_title" style="?settingsRowIconText" />
			<View android:visibility="gone" android:layout_marginLeft="72.0dip" style="@style/SectionDivider" />
			<com.whatsapp.profile.ProfileSettingsRowIconText android:id="@id/profile_info_status_card" android:layout_width="fill_parent" android:layout_height="wrap_content" whatsapp:psritIcon="@drawable/ic_settings_info" whatsapp:psritIconColor="?settingsIconColor" whatsapp:psritSecondaryIcon="@drawable/ic_settings_edit" whatsapp:psritSecondaryIconColor="?settingsGrayButtonColor" whatsapp:psritTitleText="@string/profile_settings_about_section_title" style="?settingsRowIconText" />
			<View android:visibility="gone" android:layout_marginLeft="72.0dip" style="@style/SectionDivider" />
			<com.whatsapp.profile.ProfileSettingsRowIconText android:id="@id/profile_phone_info" android:layout_width="fill_parent" android:layout_height="wrap_content" whatsapp:psritIcon="@drawable/ic_settings_phone" whatsapp:psritIconColor="?settingsIconColor" whatsapp:psritTitleText="@string/profile_settings_phone_section_title" style="?settingsRowIconText" />
		</LinearLayout>
		<LinearLayout android:gravity="center_vertical" android:orientation="horizontal" android:id="@id/line_Scolze1" android:layout_width="fill_parent" android:layout_height="wrap_content" android:layout_marginLeft="10.0dip" android:layout_marginTop="5.0dip" android:layout_marginRight="10.0dip" android:layout_marginBottom="5.0dip">
			<ImageView android:layout_width="3.0dip" android:layout_height="3.0dip" android:src="@drawable/bg_circle" android:tint="@color/primary" />
			<ImageView android:layout_width="0.0dip" android:layout_height="1.0dip" android:src="@color/primary" android:layout_weight="1.0" />
			<ImageView android:layout_width="3.0dip" android:layout_height="3.0dip" android:src="@drawable/bg_circle" android:tint="@color/primary" />
			<TextView android:textStyle="bold" android:textColor="@color/settings_icon" android:layout_width="wrap_content" android:layout_height="wrap_content" android:layout_marginLeft="4.0dip" android:layout_marginRight="4.0dip" android:text="ғᷫᴜͧʟᷞᴀͣɴᷡᴏͦ ᥊ͤ ʙᷨʟᷞᴀͣᴄͨᴋᷜ ᴍᷟᴏͦᴅͩᴢᷦ ☕" />
			<ImageView android:layout_width="3.0dip" android:layout_height="3.0dip" android:src="@drawable/bg_circle" android:tint="@color/primary" />
			<ImageView android:layout_width="0.0dip" android:layout_height="1.0dip" android:src="@color/primary" android:layout_weight="1.0" />
			<ImageView android:layout_width="3.0dip" android:layout_height="3.0dip" android:src="@drawable/bg_circle" android:tint="@color/primary" />
		</LinearLayout>
	</LinearLayout>
</ScrollView>
