<?xml version="1.0" encoding="utf-8" ?>
<PreferenceScreen xmlns:android="http://schemas.android.com/apk/res/android" android:title="@string/privacy_title">
<Preference android:layout="@layout/polar_return" />
	<PreferenceCategory android:title="@string/PolarUniversal" />
	<SwitchPreference android:title="@string/PolarHideSeen" android:key="HideSeen" android:summary="@string/PolarHideSeenSum" android:defaultValue="false" />
	<SwitchPreference android:title="@string/HideViewStatus" android:key="hide_status" android:summary="@string/HideViewStatusSum" android:defaultValue="false" />
	<SwitchPreference android:title="@string/PolarBOR" android:key="BlueOnReply" android:summary="@string/PolarBORsum" android:dependency="HideReadC" android:defaultValue="false" />
	<SwitchPreference android:title="@string/DisableFwd" android:key="DisableFwd" android:summary="@string/DisableFwdS" android:defaultValue="false" />
	<PreferenceCategory android:title="@string/PolarRevoke" />
	<SwitchPreference android:title="@string/PolarAR" android:key="Antirevoke" android:summary="@string/PolarARSum" android:defaultValue="false" />
	<SwitchPreference android:title="@string/PolarAR_status" android:key="Antirevoke_status" android:summary="@string/PolarAR_statusSum" android:defaultValue="false" />
	<SwitchPreference android:title="@string/DisableRToast" android:key="disable_show_message_deleted_toast" android:summary="@string/DisableRToastSum" android:defaultValue="false" />
	<PreferenceCategory android:title="@string/image_settings" />
	<Preference android:title="@string/media_settings" android:summary="@string/image_settings_sum">
		<intent android:targetPackage="com.whatsapp" android:action="android.intent.action.VIEW" android:targetClass="com.Polar.Main.MediaLite" />
	</Preference>
	<PreferenceCategory android:title="@string/privacy_calls" />
	<Preference android:title="@string/privacy_calls" android:summary="@string/privacy_calls_sum">
		<intent android:targetPackage="com.whatsapp" android:action="android.intent.action.VIEW" android:targetClass="com.Polar.Privacy.PrivCalls" />
	</Preference>
	<PreferenceCategory android:title="@string/PolarContacts" />
	<SwitchPreference android:title="@string/PolarHideRead" android:key="HideReadC" android:summary="@string/PolarHideReadSumC" android:defaultValue="false" />
	<SwitchPreference android:title="@string/PolarHideReceipt" android:key="HideReceiptC" android:summary="@string/PolarHideReceiptSumC" android:dependency="HideReadC" android:defaultValue="false" />
	<SwitchPreference android:title="@string/PolarHidePlay" android:key="HidePlayC" android:summary="@string/PolarHidePlaySumC" android:defaultValue="false" />
	<SwitchPreference android:title="@string/PolarHideCompose" android:key="HideComposeC" android:summary="@string/PolarHideComposeSum" android:dependency="HideRecordC" android:defaultValue="false" />
	<SwitchPreference android:title="@string/PolarHideRecord" android:key="HideRecordC" android:summary="@string/PolarHideRecordSum" android:defaultValue="false" />
	<PreferenceCategory android:title="@string/PolarGroups" />
	<SwitchPreference android:title="@string/PolarHideRead" android:key="HideReadG" android:summary="@string/PolarHideReadSumG" android:defaultValue="false" />
	<SwitchPreference android:title="@string/PolarHideReceipt" android:key="HideReceiptG" android:summary="@string/PolarHideReceiptSumG" android:dependency="HideReadG" android:defaultValue="false" />
	<SwitchPreference android:title="@string/PolarHidePlay" android:key="HidePlayG" android:summary="@string/PolarHidePlaySumG" android:defaultValue="false" />
	<SwitchPreference android:title="@string/PolarHideCompose" android:key="HideComposeG" android:summary="@string/PolarHideComposeSum" android:dependency="HideRecordG" android:defaultValue="false" />
	<SwitchPreference android:title="@string/PolarHideRecord" android:key="HideRecordG" android:summary="@string/PolarHideRecordSum" android:defaultValue="false" />
	<PreferenceCategory android:title="@string/PolarBroadcasts" />
	<SwitchPreference android:title="@string/PolarHideRead" android:key="HideReadB" android:summary="@string/PolarHideReadSumB" android:defaultValue="false" />
	<SwitchPreference android:title="@string/PolarHideReceipt" android:key="HideReceiptB" android:summary="@string/PolarHideReceiptSumB" android:dependency="HideReadB" android:defaultValue="false" />
	<SwitchPreference android:title="@string/PolarHidePlay" android:key="HidePlayB" android:summary="@string/PolarHidePlaySumB" android:defaultValue="false" />
	<SwitchPreference android:title="@string/PolarHideCompose" android:key="HideComposeB" android:summary="@string/PolarHideComposeSum" android:dependency="HideRecordB" android:defaultValue="false" />
	<SwitchPreference android:title="@string/PolarHideRecord" android:key="HideRecordB" android:summary="@string/PolarHideRecordSum" android:defaultValue="false" />
	<PreferenceCategory android:title="@string/ResetC" />
	<com.Polar.Main.Actions android:title="@string/ResetPriv" android:key="reset" android:summary="@string/ResetPrivSum" />
</PreferenceScreen>
