<?xml version="1.0" encoding="utf-8" ?>
<selector xmlns:android="http://schemas.android.com/apk/res/android">
	<item android:state_pressed="true">
		<shape>
			<gradient android:startColor="#ff0f1e1d" android:endColor="#ff0f1e1d" android:angle="90.0" />
			<stroke android:width="2.0dip" android:color="@color/palettePrimary" />
			<corners android:topLeftRadius="12.0dip" android:topRightRadius="12.0dip" android:bottomLeftRadius="12.0dip" android:bottomRightRadius="12.0dip" />
			<padding android:left="10.0dip" android:top="7.0dip" android:right="10.0dip" android:bottom="5.0dip" />
		</shape>
	</item>
	<item android:state_focused="true">
		<shape>
			<gradient android:startColor="#ff0f1e1d" android:endColor="#ff0f1e1d" android:angle="90.0" />
			<stroke android:width="2.0dip" android:color="@color/palettePrimary" />
			<corners android:topLeftRadius="12.0dip" android:topRightRadius="12.0dip" android:bottomLeftRadius="12.0dip" android:bottomRightRadius="12.0dip" />
			<padding android:left="10.0dip" android:top="7.0dip" android:right="10.0dip" android:bottom="5.0dip" />
		</shape>
	</item>
	<item>
		<shape>
			<gradient android:startColor="#ff000000" android:endColor="#ff000000" android:angle="90.0" />
			<stroke android:width="2.0dip" android:color="@color/palettePrimary" />
			<corners android:topLeftRadius="12.0dip" android:topRightRadius="12.0dip" android:bottomLeftRadius="12.0dip" android:bottomRightRadius="12.0dip" />
			<padding android:left="1.0dip" android:top="1.0dip" android:right="1.0dip" android:bottom="1.0dip" />
		</shape>
	</item>
</selector>
