<?xml version="1.0" encoding="utf-8"?>
<resources>
<string-array name="stories_entry"><item>Circle</item></string-array>
<string-array name="stories_value"><item>0</item></string-array>
<string-array name="NA_Entries_Effects"><item>Hyper_effects_Defult</item><item>Hyper effects 1</item><item>Hyper effects 2</item><item>Hyper effects 3</item><item>Hyper effects 4</item><item>Hyper effects 5</item><item>Hyper effects 6</item><item>Hyper effects 7</item><item>Hyper effects 8</item><item>Hyper effects 9</item><item>Hyper effects 10</item><item>Hyper effects 11</item><item>Hyper effects 12</item><item>Hyper effects 13</item><item>Hyper effects 14</item><item>Hyper effects 15</item><item>Hyper effects 16</item></string-array>
<string-array name="NA_EntryValues_Effects"><item>NonAktif</item><item>AccordionTransformer</item><item>BackgroundToForegroundTransformer</item><item>DepthPageTransformer</item><item>ForegroundToBackgroundTransformer</item><item>CubeInTransformer</item><item>CubeOutTransformer</item><item>FlipHorizontalTransformer</item><item>FlipVerticalTransformer</item><item>RotateDownTransformer</item><item>RotateUpTransformer</item><item>StackTransformer</item><item>TabletTransformer</item><item>ZoomInTransformer</item><item>ZoomOutTranformer</item><item>ZoomOutSlideTransformer</item><item>DrawFromBackTransformer</item></string-array>
</resources>
