<?xml version="1.0" encoding="utf-8" ?>
<ScrollView xmlns:android="http://schemas.android.com/apk/res/android" xmlns:app="http://schemas.android.com/apk/res-auto" android:background="@color/primary_surface" android:layout_width="fill_parent" android:layout_height="fill_parent" android:fillViewport="true" android:title="@string/settings_general">
	<LinearLayout android:orientation="vertical" android:layout_width="fill_parent" android:layout_height="wrap_content">
		<LinearLayout android:paddingLeft="2.0dip" android:paddingTop="2.0dip" android:paddingRight="2.0dip" android:paddingBottom="2.0dip" android:layout_width="fill_parent" android:layout_height="wrap_content">
			<LinearLayout android:background="@drawable/card_background" android:layout_width="fill_parent" android:layout_height="wrap_content" android:layout_marginLeft="4.0dip" android:layout_marginTop="4.0dip" android:layout_marginRight="4.0dip" android:layout_marginBottom="4.0dip">
				<LinearLayout android:orientation="horizontal" android:background="@drawable/stng_border" android:layout_width="7.0dip" android:layout_height="fill_parent" />
				<LinearLayout android:gravity="center|right" android:orientation="horizontal" android:background="@drawable/stng_border_card" android:layout_width="fill_parent" android:layout_height="fill_parent" android:layout_weight="1.0" android:translationX="-3.0dip">
					<LinearLayout android:id="@id/profile_info" android:background="?android:selectableItemBackground" android:layout_width="fill_parent" android:layout_height="wrap_content">
						<FrameLayout android:id="@id/contact_selector" android:paddingLeft="@dimen/list_row_padding" android:layout_width="wrap_content" android:layout_height="@dimen/conversations_row_height" android:layout_marginTop="12.0dip" android:layout_marginBottom="12.0dip">
							<com.whatsapp.components.button.ThumbnailButton android:enabled="false" android:layout_gravity="center|left" android:id="@id/profile_info_photo" android:layout_width="@dimen/pref_profile_small_photo_size" android:layout_height="@dimen/pref_profile_small_photo_size" android:src="@drawable/avatar_contact" android:scaleType="fitCenter" app:tbtnBorderColor="@color/palettePrimary" app:tbtnBorderSize="3.0dip" app:tbtnForegroundOnly="true" app:tbtnRadius="@dimen/mid_avatar_radius" />
						</FrameLayout>
						<LinearLayout android:layout_gravity="center_vertical" android:orientation="vertical" android:paddingLeft="16.0dip" android:paddingRight="16.0dip" android:layout_width="0.0dip" android:layout_height="wrap_content" android:layout_weight="1.0">
							<com.whatsapp.TextEmojiLabel android:textSize="20.0sp" android:textColor="@null" android:layout_gravity="left" android:id="@id/profile_info_name" android:layout_width="wrap_content" android:layout_height="wrap_content" android:lines="1" style="@style/ListItemTitle" />
							<com.whatsapp.TextEmojiLabel android:textSize="14.0sp" android:textStyle="normal" android:textColor="@null" android:gravity="left" android:layout_gravity="left" android:id="@id/profile_info_status" android:layout_width="wrap_content" android:layout_height="wrap_content" android:lines="1" style="@style/ListItemSubtitle" />
						</LinearLayout>
						<com.whatsapp.WaImageView android:id="@id/profile_info_qr_code" android:paddingLeft="@dimen/contact_qr_settings_button_padding_left" android:paddingRight="@dimen/contact_qr_settings_button_padding_right" android:layout_width="wrap_content" android:layout_height="fill_parent" android:src="@drawable/ic_scan_qr" android:minWidth="@dimen/contact_qr_settings_button_minimum_width" app:tint="@null" style="@style/ActionBarButtonStyle" />
					</LinearLayout>
				</LinearLayout>
			</LinearLayout>
		</LinearLayout>
		<com.whatsapp.settings.SettingsRowIconText android:id="@id/business_tools" android:visibility="gone" android:layout_width="fill_parent" android:layout_height="wrap_content" app:settingsRowIconColor="@color/settings_icon" app:settingsRowIconTextIcon="@drawable/ic_settings_business" style="?settingsRowIconText" />
		<View android:id="@id/business_tools_divider" android:visibility="gone" android:layout_marginLeft="@dimen/settings_divider_horizontal_margin_left" style="@style/SectionDivider" />
		<LinearLayout android:gravity="center" android:orientation="horizontal" android:background="@drawable/stng_border_card" android:layout_width="fill_parent" android:layout_height="70.0dip" android:layout_marginLeft="7.0dip" android:layout_marginTop="5.0dip" android:layout_marginBottom="5.0dip">
			<LinearLayout android:orientation="horizontal" android:background="@drawable/stng_border" android:layout_width="7.0dip" android:layout_height="fill_parent" />
			<LinearLayout android:gravity="center|right" android:orientation="horizontal" android:background="@drawable/stng_border_card" android:layout_width="fill_parent" android:layout_height="fill_parent" android:layout_weight="1.0" android:translationX="-3.0dip">
				<com.whatsapp.settings.SettingsRowIconText android:id="@id/settings_account_info" android:layout_width="fill_parent" android:layout_height="wrap_content" app:settingsRowIconColor="@color/settings_icon" app:settingsRowIconTextIcon="@drawable/ic_settings_account" app:settingsRowIconTextSubText="@string/account_settings_description" app:settingsRowIconTextText="@string/settings_account_info" style="?settingsRowIconText" />
			</LinearLayout>
		</LinearLayout>
		<LinearLayout android:gravity="center" android:orientation="horizontal" android:background="@drawable/stng_border_card" android:layout_width="fill_parent" android:layout_height="70.0dip" android:layout_marginLeft="7.0dip" android:layout_marginTop="5.0dip" android:layout_marginBottom="5.0dip">
			<LinearLayout android:orientation="horizontal" android:background="@drawable/stng_border" android:layout_width="7.0dip" android:layout_height="fill_parent" />
			<LinearLayout android:gravity="center|right" android:orientation="horizontal" android:background="@drawable/stng_border_card" android:padding="0.0dip" android:layout_width="fill_parent" android:layout_height="fill_parent" android:layout_weight="1.0" android:translationX="-3.0dip">
				<com.whatsapp.settings.SettingsRowIconText android:id="@id/settings_chat" android:layout_width="fill_parent" android:layout_height="wrap_content" app:settingsRowIconColor="@color/settings_icon" app:settingsRowIconTextIcon="@drawable/ic_settings_chats" app:settingsRowIconTextIconRTLSupported="true" app:settingsRowIconTextSubText="@string/chat_settings_description_with_theme" app:settingsRowIconTextText="@string/settings_chat" style="?settingsRowIconText" />
			</LinearLayout>
		</LinearLayout>
		<LinearLayout android:gravity="center" android:orientation="horizontal" android:background="@drawable/stng_border_card" android:layout_width="fill_parent" android:layout_height="70.0dip" android:layout_marginLeft="7.0dip" android:layout_marginTop="5.0dip" android:layout_marginBottom="5.0dip">
			<LinearLayout android:orientation="horizontal" android:background="@drawable/stng_border" android:layout_width="7.0dip" android:layout_height="fill_parent" />
			<LinearLayout android:gravity="center|right" android:orientation="horizontal" android:background="@drawable/stng_border_card" android:padding="0.0dip" android:layout_width="fill_parent" android:layout_height="fill_parent" android:layout_weight="1.0" android:translationX="-3.0dip">
				<com.whatsapp.settings.SettingsRowIconText android:id="@id/settings_notifications" android:layout_width="fill_parent" android:layout_height="wrap_content" app:settingsRowIconColor="@color/settings_icon" app:settingsRowIconTextIcon="@drawable/ic_settings_notification" app:settingsRowIconTextSubText="@string/notification_settings_description" app:settingsRowIconTextText="@string/settings_notifications" style="?settingsRowIconText" />
			</LinearLayout>
		</LinearLayout>
		<LinearLayout android:gravity="center" android:orientation="horizontal" android:background="@drawable/stng_border_card" android:layout_width="fill_parent" android:layout_height="70.0dip" android:layout_marginLeft="7.0dip" android:layout_marginTop="5.0dip" android:layout_marginBottom="5.0dip">
			<LinearLayout android:orientation="horizontal" android:background="@drawable/stng_border" android:layout_width="7.0dip" android:layout_height="fill_parent" />
			<LinearLayout android:gravity="center|right" android:orientation="horizontal" android:background="@drawable/stng_border_card" android:padding="0.0dip" android:layout_width="fill_parent" android:layout_height="fill_parent" android:layout_weight="1.0" android:translationX="-3.0dip">
				<com.whatsapp.settings.SettingsRowIconText android:id="@id/settings_data_usage" android:layout_width="fill_parent" android:layout_height="wrap_content" app:settingsRowIconColor="@color/settings_icon" app:settingsRowIconTextIcon="@drawable/ic_settings_data_usage" app:settingsRowIconTextSubText="@string/data_usage_settings_description" style="?settingsRowIconText" />
			</LinearLayout>
		</LinearLayout>
		<LinearLayout android:gravity="center" android:orientation="horizontal" android:background="@drawable/stng_border_card" android:layout_width="fill_parent" android:layout_height="70.0dip" android:layout_marginLeft="7.0dip" android:layout_marginTop="5.0dip" android:layout_marginBottom="5.0dip">
			<LinearLayout android:orientation="horizontal" android:background="@drawable/stng_border" android:layout_width="7.0dip" android:layout_height="fill_parent" />
			<LinearLayout android:gravity="center|right" android:orientation="horizontal" android:background="@drawable/stng_border_card" android:padding="0.0dip" android:layout_width="fill_parent" android:layout_height="fill_parent" android:layout_weight="1.0" android:translationX="-3.0dip">
				<com.whatsapp.settings.SettingsRowIconText android:id="@id/settings_help" android:layout_width="fill_parent" android:layout_height="wrap_content" app:settingsRowIconColor="@color/settings_icon" app:settingsRowIconTextIcon="@drawable/ic_settings_help" app:settingsRowIconTextSubText="@string/help_settings_description" app:settingsRowIconTextText="@string/settings_help" style="?settingsRowIconText" />
			</LinearLayout>
		</LinearLayout>
		<LinearLayout android:gravity="center" android:orientation="horizontal" android:background="@drawable/stng_border_card" android:layout_width="fill_parent" android:layout_height="70.0dip" android:layout_marginLeft="7.0dip" android:layout_marginTop="5.0dip" android:layout_marginBottom="5.0dip">
			<LinearLayout android:orientation="horizontal" android:background="@drawable/stng_border" android:layout_width="7.0dip" android:layout_height="fill_parent" />
			<LinearLayout android:gravity="center|right" android:orientation="horizontal" android:background="@drawable/stng_border_card" android:padding="0.0dip" android:layout_width="fill_parent" android:layout_height="fill_parent" android:layout_weight="1.0" android:translationX="-3.0dip">
				<com.whatsapp.settings.SettingsRowIconText android:id="@id/setting_tell_a_friend" android:layout_width="fill_parent" android:layout_height="wrap_content" app:settingsRowIconColor="@color/settings_icon" app:settingsRowIconTextIcon="@drawable/ic_settings_contacts" app:settingsRowIconTextText="@string/tell_a_friend" style="?settingsRowIconText" />
			</LinearLayout>
		</LinearLayout>
		<View style="@style/VerticalWeightedPadding" />
	</LinearLayout>
</ScrollView>
