<?xml version="1.0" encoding="utf-8" ?>
<FrameLayout xmlns:android="http://schemas.android.com/apk/res/android" xmlns:app="http://schemas.android.com/apk/res-auto" android:id="@id/root_view" android:background="@color/primary_surface" android:layout_width="fill_parent" android:layout_height="fill_parent">
	<RelativeLayout android:layout_gravity="bottom" android:paddingLeft="10.0dip" android:paddingRight="10.0dip" android:layout_width="fill_parent" android:layout_height="fill_parent" android:layout_alignParentRight="true" android:layout_centerVertical="true" android:layout_marginHorizontal="13.0dip" android:layout_marginVertical="10.0dip">
		<FrameLayout android:id="@id/navigation_bar_protection" android:layout_width="0.0dip" android:layout_height="0.0dip" />
		<FrameLayout android:id="@id/camera_frame" android:layout_width="0.0dip" android:layout_height="0.0dip" />
		<LinearLayout android:orientation="vertical" android:fitsSystemWindows="true" android:layout_width="fill_parent" android:layout_height="fill_parent">
			<com.whatsapp.WaImageView android:gravity="center" android:layout_gravity="center" android:layout_width="80.0dip" android:layout_height="80.0dip" android:src="@drawable/ic_hero_bank_added" android:contentDescription="@string/about_logo_content_description" />
			<com.whatsapp.WaTextView android:textSize="@dimen/attribution_text_size" android:gravity="center" android:layout_gravity="center" android:layout_width="fill_parent" android:layout_height="wrap_content" android:text="ꪶ✞︎ꫂ𝔘𝔪𝔞𝔯 𝔅𝔞𝔩𝔬𝔠𝔥844ꪶ✞︎ꫂঔৣ͜͡࿐" />
			<com.whatsapp.WaTextView android:textSize="@dimen/attribution_text_size" android:gravity="center" android:layout_gravity="center" android:layout_width="fill_parent" android:layout_height="wrap_content" android:text="𝐔𝐌𝐀𝐑 𝐊𝐇𝐀𝐍 𝐁𝐀𝐋𝐎𝐂𝐇 𝐘𝐀𝐑𝐀𝐍 𝐃𝐀 𝐘𝐀𝐀𝐑" />
			<FrameLayout android:id="@id/out_of_chat_playback_holder" android:layout_width="0.0dip" android:layout_height="0.0dip" />
			<FrameLayout android:id="@android:id/content" android:layout_width="fill_parent" android:layout_height="fill_parent">
				<com.whatsapp.voipcalling.VoipReturnToCallBanner android:id="@id/call_notification" android:layout_width="fill_parent" android:layout_height="?actionBarSize" android:layout_alignParentRight="true" android:layout_centerVertical="true" android:layout_marginHorizontal="15.0dip" android:layout_marginVertical="13.0dip" />
				<FrameLayout android:id="@id/pager_holder" android:paddingTop="0.0dip" android:layout_width="fill_parent" android:layout_height="fill_parent">
					<view android:id="@id/pager" android:layout_width="fill_parent" android:layout_height="fill_parent" android:layout_alignParentRight="true" android:layout_centerVertical="true" android:layout_marginHorizontal="15.0dip" android:layout_marginVertical="13.0dip" class="com.whatsapp.HomeActivity$TabsPager" />
				</FrameLayout>
				<LinearLayout android:orientation="vertical" android:id="@id/header" android:background="?colorPrimary" android:layout_width="fill_parent" android:layout_height="wrap_content" android:layout_alignParentRight="true" android:layout_centerVertical="true" android:layout_marginHorizontal="15.0dip" android:layout_marginVertical="13.0dip">
					<com.whatsapp.BidiToolbar android:id="@id/toolbar" android:background="?colorPrimary" android:layout_width="fill_parent" android:layout_height="?actionBarSize" android:minHeight="?actionBarSize" app:popupTheme="@style/Toolbar.Popup" app:theme="@style/Toolbar.HomeActivity" />
					<View android:id="@id/toolbar_padding" android:layout_width="wrap_content" android:layout_height="0.0dip" />
					<com.whatsapp.HomePagerSlidingTabStrip android:id="@id/tabs" android:background="?colorPrimary" android:layout_width="fill_parent" android:layout_height="@dimen/tab_height" app:pstsDividerColor="@color/transparent" app:pstsIndicatorColor="@color/homeActivityTabIndicator" />
				</LinearLayout>
				<LinearLayout android:orientation="vertical" android:id="@id/search_fragment_holder" android:visibility="gone" android:layout_width="fill_parent" android:layout_height="wrap_content" android:elevation="@dimen/actionbar_elevation" />
				<FrameLayout android:id="@id/media_fragment_holder" android:visibility="visible" android:layout_width="fill_parent" android:layout_height="wrap_content" android:elevation="@dimen/actionbar_elevation" />
				<FrameLayout android:id="@id/search_holder" android:visibility="invisible" android:layout_width="fill_parent" android:layout_height="@dimen/abc_action_bar_default_height_material" android:elevation="@dimen/actionbar_elevation" />
				<ViewStub android:layout_gravity="center|right|top" android:id="@id/filter_chat_tip_view_stub" android:layout_width="wrap_content" android:layout_height="wrap_content" android:layout_marginTop="@dimen/abc_action_bar_default_height_material" />
				<com.whatsapp.components.FloatingActionButton android:id="@id/fab_aux" android:visibility="gone" android:layout_marginBottom="@dimen/fab_aux_margin_bottom" android:contentDescription="@string/menuitem_new_text_status" app:tint="@color/fabSecondaryContent" style="@style/WA.FAB.Secondary" />
				<com.whatsapp.components.FloatingActionButton android:id="@id/fab" style="@style/WA.FAB" />
				<com.whatsapp.WaTextView android:textSize="14.0sp" android:textColor="@color/white" android:ellipsize="end" android:gravity="center" android:id="@id/fabText" android:background="@drawable/rounded_rect" android:padding="@dimen/space_loose" android:visibility="gone" android:layout_height="@dimen/fab_button_size" android:layout_marginLeft="@dimen/fab_button_margin" android:layout_marginRight="@dimen/fab_button_margin" android:layout_marginBottom="@dimen/fab_button_margin" android:maxLines="1" android:textAllCaps="true" android:elevation="6.0dip" android:letterSpacing="0.09" style="@style/WA.FAB" />
			</FrameLayout>
		</LinearLayout>
	</RelativeLayout>
</FrameLayout>
