<?xml version="1.0" encoding="utf-8"?>
<resources>
<item type="id" name="div2" />
<item type="id" name="newchat" />
<item type="id" name="privacy" />
<item type="id" name="privacy_calls" />
<item type="id" name="privacy_calls_every_one" />
<item type="id" name="privacy_calls_without_ring" />
<item type="id" name="privacy_calls_with_ring" />
<item type="id" name="statusmenu" />
<item type="id" name="save_statusId" />
<item type="id" name="div" />
<item type="id" name="restart_menu" />
</resources>
