<?xml version="1.0" encoding="utf-8" ?>
<LinearLayout xmlns:android="http://schemas.android.com/apk/res/android" android:layout_width="fill_parent" android:layout_height="fill_parent">
	<LinearLayout xmlns:android="http://schemas.android.com/apk/res/android" android:gravity="center|left" android:orientation="vertical" android:background="@color/settings_background" android:padding="20.0dip" android:layout_width="fill_parent" android:layout_height="fill_parent">
		<LinearLayout android:orientation="vertical" android:layout_width="wrap_content" android:layout_height="wrap_content">
			<ImageView android:id="@id/logo" android:layout_width="80.0dip" android:layout_height="80.0dip" android:src="@drawable/begal_icons" android:contentDescription="@string/about_logo_content_description" />
			<LinearLayout android:orientation="vertical" android:layout_width="wrap_content" android:layout_height="wrap_content" android:layout_marginTop="10.0dip">
				<TextView android:textSize="25.0sp" android:textColor="@color/settings_item_subtitle_text" android:id="@id/eula_title" android:layout_width="wrap_content" android:layout_height="wrap_content" android:text="NOME DO TEU ZAP" />
				<View android:background="@color/primaryButtonColor" android:layout_width="0.0dip" android:layout_height="0.0dip" />
			</LinearLayout>
			<LinearLayout android:orientation="vertical" android:layout_width="wrap_content" android:layout_height="wrap_content" android:layout_marginTop="15.0dip">
				<TextView android:textAppearance="@style/TextAppearance.AppCompat.Body1" android:textColor="@color/settings_item_subtitle_text" android:layout_width="wrap_content" android:layout_height="wrap_content" android:text="Versão" />
				<TextView android:textAppearance="@style/TextAppearance.AppCompat.Medium" android:textColor="@color/settings_item_title_text" android:id="@id/version" android:layout_width="wrap_content" android:layout_height="wrap_content" />
			</LinearLayout>
			<LinearLayout android:orientation="vertical" android:layout_width="wrap_content" android:layout_height="wrap_content" android:layout_marginTop="6.0dip">
				<TextView android:textAppearance="@style/TextAppearance.AppCompat.Body1" android:textColor="@color/settings_item_subtitle_text" android:layout_width="wrap_content" android:layout_height="wrap_content" android:text="Copyright" />
				<TextView android:textAppearance="@style/TextAppearance.AppCompat.Medium" android:textColor="@color/settings_item_title_text" android:layout_width="wrap_content" android:layout_height="wrap_content" android:text="@string/whatsapp_copyright" />
			</LinearLayout>
			<LinearLayout android:orientation="vertical" android:layout_width="wrap_content" android:layout_height="wrap_content" android:layout_marginTop="6.0dip">
				<TextView android:textAppearance="@style/TextAppearance.AppCompat.Body1" android:textColor="@color/settings_item_subtitle_text" android:layout_width="wrap_content" android:layout_height="wrap_content" android:text="Feito por" />
				<TextView android:textAppearance="@style/TextAppearance.AppCompat.Medium" android:textColor="@color/settings_item_title_text" android:layout_width="wrap_content" android:layout_height="wrap_content" android:text="Black Modz" />
			</LinearLayout>
			<LinearLayout android:orientation="vertical" android:layout_width="wrap_content" android:layout_height="wrap_content" android:layout_marginTop="10.0dip">
				<TextView android:textAppearance="@style/TextAppearance.AppCompat.Body1" android:textColor="@color/settings_item_subtitle_text" android:layout_width="wrap_content" android:layout_height="wrap_content" android:text="Créditos" />
				<TextView android:textAppearance="@style/TextAppearance.AppCompat.Medium" android:textColor="@color/settings_item_title_text" android:layout_width="wrap_content" android:layout_height="wrap_content" android:text="- NOME 1\n- NOME 2\n- NOME 3\n- NOME 4\n- BLACK MODZ DOMINA>
			</LinearLayout>
		</LinearLayout>
		<View android:layout_width="0.0dip" android:layout_height="25.0dip" />
		<com.whatsapp.WaButton android:textStyle="bold" android:textColor="@color/settings_item_title_text" android:id="@id/about_licenses" android:background="@drawable/button_about" android:layout_width="120.0dip" android:layout_height="40.0dip" android:text="@string/view_licenses" />
		<com.whatsapp.WaButton android:textStyle="bold" android:textColor="@color/settings_item_title_text" android:id="@+id/by_tgm" android:background="@drawable/button_about" android:layout_width="120.0dip" android:layout_height="40.0dip" android:text="Telegram" android:onClick="black_telegram" />
		<com.whatsapp.WaButton android:textStyle="bold" android:textColor="@color/settings_item_title_text" android:id="@+id/black_yt" android:background="@drawable/button_about" android:layout_width="120.0dip" android:layout_height="40.0dip" android:text="YouTube" android:onClick="black_youtube" />
	</LinearLayout>
</LinearLayout>
