<?xml version="1.0" encoding="utf-8" ?>
<selector xmlns:android="http://schemas.android.com/apk/res/android">
	<item android:state_pressed="true">
		<shape>
			<gradient android:startColor="#ffe2f1ee" android:endColor="#ffe2f1ee" android:angle="-90.0" />
			<corners android:radius="6.0dip" />
			<padding android:left="10.0dip" android:top="4.0dip" android:right="10.0dip" android:bottom="4.0dip" />
		</shape>
	</item>
	<item android:state_focused="true">
		<shape>
			<gradient android:startColor="#ffe2f1ee" android:endColor="#ffe2f1ee" android:angle="-90.0" />
			<corners android:radius="9.0dip" />
			<padding android:left="10.0dip" android:top="4.0dip" android:right="10.0dip" android:bottom="4.0dip" />
		</shape>
	</item>
	<item>
		<shape>
			<gradient android:startColor="#ffe2f1ee" android:endColor="#ffe2f1ee" android:angle="-90.0" />
			<corners android:radius="9.0dip" />
			<padding android:left="10.0dip" android:top="4.0dip" android:right="10.0dip" android:bottom="4.0dip" />
		</shape>
	</item>
</selector>
